question,context
당뇨망막병증이란 무엇인가요?,당뇨망막병증의 카테고리: 눈질환
당뇨망막병증은 어떤 증상을 보이나요?,당뇨망막병증의 카테고리: 눈질환
당뇨망막병증의 치료 방법은 무엇이 있나요?,당뇨망막병증의 카테고리: 눈질환
What is the English name for 당뇨망막병증?,당뇨망막병증의 질환 영문명: Diabetic retinopathy
당뇨망막병증의 주요 증상은 무엇인가요?,"당뇨망막병증의 증상: 시력 감소,  황반부종,  사물이 찌그러져 보임,  광시증,  시야장애,  비문증"
당뇨망막병증으로 인한 황반부종은 어떤 증상을 유발하나요?,"당뇨망막병증의 증상: 시력 감소,  황반부종,  사물이 찌그러져 보임,  광시증,  시야장애,  비문증"
당뇨망막병증은 어떤 증상을 보이나요?,"당뇨망막병증의 관련 질환: 인슐린 의존성 당뇨병,  인슐린 비의존성 당뇨병,  망막 박리,  당뇨망막병증,  유리체 출혈"
인슐린 의존성 당뇨병과 인슐린 비의존성 당뇨병은 어떤 차이가 있나요?,"당뇨망막병증의 관련 질환: 인슐린 의존성 당뇨병,  인슐린 비의존성 당뇨병,  망막 박리,  당뇨망막병증,  유리체 출혈"
당뇨망막병증을 진료하는 안과 전문의는 어떤 역할을 수행하나요?,당뇨망막병증의 진료과: 안과
당뇨망막병증이 발생하면 어떤 증상이 나타날 수 있나요?,당뇨망막병증의 진료과: 안과
당뇨망막병증과 당뇨망막증의 차이는 무엇인가요?,당뇨망막병증의 동의어: 당뇨망막증
당뇨망막병증은 어떤 질환인가요?,"당뇨망막병증의 정의: 당뇨망막병증은 망막의 미세혈관이 손상되는 질환으로, 당뇨병의 합병증 중에서 가장 무서운 질환입니다. 이는 세계 각국의 실명 원인 중에서 높은 비중을 차지하고 있습니다. 당뇨병 경력이 30년 또는 그 이상인 환자의 약 90%에게서 발생하며, 15년 전후일 경우에는 발병률이 약 60~70%에 이릅니다. 혈당 조절이 잘 안되는 경우 더욱 잘 발생합니다. 초기에는 망막병증이 있으면서도 별다른 증상이 없는 경우가 많기 때문에 정기적인 안과 진찰이 중요합니다."
당뇨망막병증은 어떤 환자들에게 주로 발생하나요?,"당뇨망막병증의 정의: 당뇨망막병증은 망막의 미세혈관이 손상되는 질환으로, 당뇨병의 합병증 중에서 가장 무서운 질환입니다. 이는 세계 각국의 실명 원인 중에서 높은 비중을 차지하고 있습니다. 당뇨병 경력이 30년 또는 그 이상인 환자의 약 90%에게서 발생하며, 15년 전후일 경우에는 발병률이 약 60~70%에 이릅니다. 혈당 조절이 잘 안되는 경우 더욱 잘 발생합니다. 초기에는 망막병증이 있으면서도 별다른 증상이 없는 경우가 많기 때문에 정기적인 안과 진찰이 중요합니다."
당뇨망막병증의 원인은 무엇인가요?,"당뇨망막병증의 원인: 당뇨망막병증의 원인은 당뇨병입니다. 당뇨병은 미세혈관계에 병변을 일으키는 대사성 질환으로, 눈을 포함한 전신 조직에 광범위한 장애를 일으킵니다. 당뇨병으로 인해 특유한 망막 순환 장애가 생기는 것을 당뇨망막병증이라고 합니다. 이는 당뇨병성 신경병증, 당뇨병성 신증과 함께 3대 미세혈관 합병증 중의 하나입니다."
당뇨병에서 특유한 망막 순환 장애가 생기는 것을 무엇이라고 하나요?,"당뇨망막병증의 원인: 당뇨망막병증의 원인은 당뇨병입니다. 당뇨병은 미세혈관계에 병변을 일으키는 대사성 질환으로, 눈을 포함한 전신 조직에 광범위한 장애를 일으킵니다. 당뇨병으로 인해 특유한 망막 순환 장애가 생기는 것을 당뇨망막병증이라고 합니다. 이는 당뇨병성 신경병증, 당뇨병성 신증과 함께 3대 미세혈관 합병증 중의 하나입니다."
당뇨망막병증의 구체적 증상은 무엇인가요?,"당뇨망막병증의 구체적 증상: 당뇨망막병증은 크게 비증식성 망막병증과 증식성 망막병증으로 분류할 수 있습니다. 비증식성 망막병증은 망막의 작은 혈관들이 약해져서 혈청이 새거나 혈관이 막혀서 영양 공급이 중단되는 상태를 말합니다. 서서히 발생하며, 시력이 점진적으로 감퇴됩니다. 이는 당뇨망막병증의 초기 소견이라고 할 수 있습니다.
한편 증식성 망막병증은 혈액순환이 나쁜 곳에 신생 혈관이 생김으로써 적절한 치료를 받지 않으면 신생 혈관에서 발생하는 출혈에 의해 5년 이내에 실명하게 되는 무서운 합병증입니다. 당뇨망막병증의 후기 소견이라고 할 수 있습니다.
초기 당뇨망막병증의 경우 증상이 없는 경우도 있습니다. 그러나 비문증(눈앞에 먼지나 벌레 같은 것들이 떠다니는 것처럼 느끼는 증상), 광시증, 변시증(사물이 비뚤어져 보이는 증상), 시야 흐림, 야간 시력 저하, 독서 장애 등이 나타날 수 있습니다.
혈관 투과성이 증가하여 황반부 망막이 붓는 황반 부종은 심각한 시력 저하를 야기할 수 있습니다. 당뇨망막병증이 많이 진행되었다고 하더라도 황반부에 장애가 없다면 좋은 시력을 유지할 수 있습니다. 그러나 가벼운 당뇨망막병증에서도 황반 부종이 발생하면 시력 저하가 발생할 수 있습니다. 따라서 시력은 당뇨망막병증의 정도를 파악하는 지표로 삼을 수 없습니다. 당뇨병을 진단받은 경우 증상 유무에 상관없이 정기 검진과 추적 관찰이 중요합니다."
당뇨망막병증이 진행되면 어떤 증상이 나타날 수 있나요?,"당뇨망막병증의 구체적 증상: 당뇨망막병증은 크게 비증식성 망막병증과 증식성 망막병증으로 분류할 수 있습니다. 비증식성 망막병증은 망막의 작은 혈관들이 약해져서 혈청이 새거나 혈관이 막혀서 영양 공급이 중단되는 상태를 말합니다. 서서히 발생하며, 시력이 점진적으로 감퇴됩니다. 이는 당뇨망막병증의 초기 소견이라고 할 수 있습니다.
한편 증식성 망막병증은 혈액순환이 나쁜 곳에 신생 혈관이 생김으로써 적절한 치료를 받지 않으면 신생 혈관에서 발생하는 출혈에 의해 5년 이내에 실명하게 되는 무서운 합병증입니다. 당뇨망막병증의 후기 소견이라고 할 수 있습니다.
초기 당뇨망막병증의 경우 증상이 없는 경우도 있습니다. 그러나 비문증(눈앞에 먼지나 벌레 같은 것들이 떠다니는 것처럼 느끼는 증상), 광시증, 변시증(사물이 비뚤어져 보이는 증상), 시야 흐림, 야간 시력 저하, 독서 장애 등이 나타날 수 있습니다.
혈관 투과성이 증가하여 황반부 망막이 붓는 황반 부종은 심각한 시력 저하를 야기할 수 있습니다. 당뇨망막병증이 많이 진행되었다고 하더라도 황반부에 장애가 없다면 좋은 시력을 유지할 수 있습니다. 그러나 가벼운 당뇨망막병증에서도 황반 부종이 발생하면 시력 저하가 발생할 수 있습니다. 따라서 시력은 당뇨망막병증의 정도를 파악하는 지표로 삼을 수 없습니다. 당뇨병을 진단받은 경우 증상 유무에 상관없이 정기 검진과 추적 관찰이 중요합니다."
당뇨망막병증을 진단하는 가장 중요한 검사는 무엇인가요?,"당뇨망막병증의 진단: ① 안저 검사
당뇨망막병증을 진단하는 가장 중요한 검사입니다. 모든 환자를 대상으로 한 산동 검사가 원칙이며, 렌즈를 이용한 세극등 현미경 안저 검사 또는 도상 검안경 검사를 시행합니다. 렌즈를 이용한 세극등 현미경 안저 검사는 고배율의 입체시가 가능하기 때문에 후극부의 이상, 즉 유두혈관 신생이나 황반 부종, 망막 내 미세혈관 이상 등을 관찰하는 데 적합합니다. 도상 검안경 검사는 넓은 시야를 얻을 수 있기 때문에 전반적인 출혈이나 삼출물의 정도를 파악할 수 있으며 주변부의 이상을 검사하는데 용이합니다. 이 두 가지 검사는 서로 보완적이기 때문에 두 가지 모두를 이용하여 반복적이고 세밀한 검사를 하는 것이 좋습니다.
② 형광 안저혈관 조영
형광 안저혈관 조영 검사를 통해 당뇨망막병증의 직접적 원인이 되는 혈관의 누출과 혈관 폐쇄를 확인할 수 있습니다. 안저 검사를 시행한 뒤 보완적으로 이 검사를 시행하여 당뇨망막병증의 정도를 파악해야 합니다. 안저 검사를 하지 않고 단독으로 이 검사를 시행하는 것은 바람직하지 않습니다. 안저 검사 소견은 별다른 이상이 없지만 형광 안저 혈관 촬영에서 심한 혈관 비관류가 나타나는 경우도 있으므로, 안저 검사 소견이 의심스러운 경우에 이 검사가 진단에 도움이 될 수 있습니다.
③ 초음파 검사
매체 혼탁에 의해 안저를 관찰할 수 없을 때는 초음파 검사를 이용합니다. 당뇨망막병증에서는 주로 유리체 출혈, 뒤유리체면과 증식막의 상태, 견인 망막 박리 등의 형태 진단을 위해 초음파를 이용합니다.
④ 빛 간섭 단층촬영
빛 간섭 단층촬영을 통해 황반 부종의 정량적 측정을 객관적으로 시행할 수 있습니다. 또한 치료 전후의 효과 판단에 많은 도움을 줍니다. 이 밖에도 망막과 뒤유리체막의 상태를 관찰할 수 있기 때문에 황반 주름, 견인 등의 유무를 진단할 수 있습니다.
⑤ 망막 전위도 검사
임상적으로 가장 의미 있는 소견은 합한 진동소파전위진폭(Summed oscillatory potential amplitude)의 감소입니다. 진동소파전위는 강한 빛을 자극할 때 b파에 중첩되어 나타나는 일련의 파형으로, 망막 내층의 기능을 보여줍니다. 진동소파전위의 진폭 감소는 임상적으로 망막병증이 나타나지 않을 때도 확인할 수 있습니다. 형광 안저 촬영 소견 중 비관류나 누출, 망막병증의 심한 정도에 비례하여 감소합니다. 비증식 당뇨망막병증에서 진동소파전위가 정상일 때는 15년이 경과한 후 증식 당뇨망막병증으로 이행할 가능성이 20%인데 비해, 이것이 감소했을 때는 무려 62%로 높아집니다. 따라서 이 검사는 예후를 예측하는 데 의의가 있습니다."
형광 안저혈관 조영 검사를 통해 어떤 정보를 확인할 수 있나요?,"당뇨망막병증의 진단: ① 안저 검사
당뇨망막병증을 진단하는 가장 중요한 검사입니다. 모든 환자를 대상으로 한 산동 검사가 원칙이며, 렌즈를 이용한 세극등 현미경 안저 검사 또는 도상 검안경 검사를 시행합니다. 렌즈를 이용한 세극등 현미경 안저 검사는 고배율의 입체시가 가능하기 때문에 후극부의 이상, 즉 유두혈관 신생이나 황반 부종, 망막 내 미세혈관 이상 등을 관찰하는 데 적합합니다. 도상 검안경 검사는 넓은 시야를 얻을 수 있기 때문에 전반적인 출혈이나 삼출물의 정도를 파악할 수 있으며 주변부의 이상을 검사하는데 용이합니다. 이 두 가지 검사는 서로 보완적이기 때문에 두 가지 모두를 이용하여 반복적이고 세밀한 검사를 하는 것이 좋습니다.
② 형광 안저혈관 조영
형광 안저혈관 조영 검사를 통해 당뇨망막병증의 직접적 원인이 되는 혈관의 누출과 혈관 폐쇄를 확인할 수 있습니다. 안저 검사를 시행한 뒤 보완적으로 이 검사를 시행하여 당뇨망막병증의 정도를 파악해야 합니다. 안저 검사를 하지 않고 단독으로 이 검사를 시행하는 것은 바람직하지 않습니다. 안저 검사 소견은 별다른 이상이 없지만 형광 안저 혈관 촬영에서 심한 혈관 비관류가 나타나는 경우도 있으므로, 안저 검사 소견이 의심스러운 경우에 이 검사가 진단에 도움이 될 수 있습니다.
③ 초음파 검사
매체 혼탁에 의해 안저를 관찰할 수 없을 때는 초음파 검사를 이용합니다. 당뇨망막병증에서는 주로 유리체 출혈, 뒤유리체면과 증식막의 상태, 견인 망막 박리 등의 형태 진단을 위해 초음파를 이용합니다.
④ 빛 간섭 단층촬영
빛 간섭 단층촬영을 통해 황반 부종의 정량적 측정을 객관적으로 시행할 수 있습니다. 또한 치료 전후의 효과 판단에 많은 도움을 줍니다. 이 밖에도 망막과 뒤유리체막의 상태를 관찰할 수 있기 때문에 황반 주름, 견인 등의 유무를 진단할 수 있습니다.
⑤ 망막 전위도 검사
임상적으로 가장 의미 있는 소견은 합한 진동소파전위진폭(Summed oscillatory potential amplitude)의 감소입니다. 진동소파전위는 강한 빛을 자극할 때 b파에 중첩되어 나타나는 일련의 파형으로, 망막 내층의 기능을 보여줍니다. 진동소파전위의 진폭 감소는 임상적으로 망막병증이 나타나지 않을 때도 확인할 수 있습니다. 형광 안저 촬영 소견 중 비관류나 누출, 망막병증의 심한 정도에 비례하여 감소합니다. 비증식 당뇨망막병증에서 진동소파전위가 정상일 때는 15년이 경과한 후 증식 당뇨망막병증으로 이행할 가능성이 20%인데 비해, 이것이 감소했을 때는 무려 62%로 높아집니다. 따라서 이 검사는 예후를 예측하는 데 의의가 있습니다."
당뇨망막병증을 치료하기 위해 어떤 조치를 취해야 하나요?,"당뇨망막병증의 치료: 당뇨망막병증을 치료하기 위해서는 원인 질환 치료가 동반되어야 합니다. 당뇨망막병증의 발생은 혈당치보다 당뇨병을 앓았던 기간에 비례하는 것으로 알려져 있습니다. 그러나 많은 연구에서 혈당을 엄격하게 조절할 경우 당뇨망막병증의 발생을 예방하거나 지연시킬 수 있고, 그 정도도 감소시킬 수 있다는 것이 밝혀졌습니다. 또한 당뇨병의 초기에 혈당을 조절하는 것이 당뇨망막병증의 빈도를 줄이는 데 가장 효과적입니다.
당뇨병 환자는 혈청 지질이 증가된 경우가 많습니다. 이러한 지질 이상은 혈관 내피세포의 손상을 조장하여 당뇨망막병증의 미세혈관 변화를 악화시킬 수 있습니다. 따라서 반드시 혈청 지질을 조절해야 합니다. 또한 혈압을 조절하거나 흡연을 하는 경우에는 금연을 하는 것이 좋습니다.
일단 발생한 망막병증, 특히 증식성 망막병증에 대해서는 레이저 광선을 이용한 \'광응고 요법\'을 시행할 수 있습니다. 적절한 시기에 이를 잘 치료하면 실명 확률을 현저히 낮출 수 있습니다. 한편 초자체의 출혈이나 망막의 박리 등으로 시력이 더욱 저하된 경우에는 초자체 제거술과 같은 외과적 수술을 고려할 수 있습니다. 광응고 요법의 부작용으로는 치료 시 통증, 각막 미란, 일시적인 안압 상승, 시야 장애, 조기 시력 저하, 황반 부종, 황반 응고, 맥락막 박리, 맥락막 출혈, 삼출 망막 박리, 견인 망막 박리 증가, 유리체 출혈 등을 들 수 있습니다."
당뇨망막병증의 치료를 위해 광응고 요법이 어떤 역할을 하나요?,"당뇨망막병증의 치료: 당뇨망막병증을 치료하기 위해서는 원인 질환 치료가 동반되어야 합니다. 당뇨망막병증의 발생은 혈당치보다 당뇨병을 앓았던 기간에 비례하는 것으로 알려져 있습니다. 그러나 많은 연구에서 혈당을 엄격하게 조절할 경우 당뇨망막병증의 발생을 예방하거나 지연시킬 수 있고, 그 정도도 감소시킬 수 있다는 것이 밝혀졌습니다. 또한 당뇨병의 초기에 혈당을 조절하는 것이 당뇨망막병증의 빈도를 줄이는 데 가장 효과적입니다.
당뇨병 환자는 혈청 지질이 증가된 경우가 많습니다. 이러한 지질 이상은 혈관 내피세포의 손상을 조장하여 당뇨망막병증의 미세혈관 변화를 악화시킬 수 있습니다. 따라서 반드시 혈청 지질을 조절해야 합니다. 또한 혈압을 조절하거나 흡연을 하는 경우에는 금연을 하는 것이 좋습니다.
일단 발생한 망막병증, 특히 증식성 망막병증에 대해서는 레이저 광선을 이용한 \'광응고 요법\'을 시행할 수 있습니다. 적절한 시기에 이를 잘 치료하면 실명 확률을 현저히 낮출 수 있습니다. 한편 초자체의 출혈이나 망막의 박리 등으로 시력이 더욱 저하된 경우에는 초자체 제거술과 같은 외과적 수술을 고려할 수 있습니다. 광응고 요법의 부작용으로는 치료 시 통증, 각막 미란, 일시적인 안압 상승, 시야 장애, 조기 시력 저하, 황반 부종, 황반 응고, 맥락막 박리, 맥락막 출혈, 삼출 망막 박리, 견인 망막 박리 증가, 유리체 출혈 등을 들 수 있습니다."
당뇨망막병증이 있는 사람들은 어떻게 자주 안과검사를 받아야 하나요?,"당뇨망막병증의 경과: 제1형 당뇨병을 처음으로 진단받은 경우, 보통 첫 5년간은 당뇨망막병증이 없으므로 초기 안과검사는 당뇨병 진단 5년 이내에 받으면 됩니다. 제2형 당뇨병의 경우에는 정확한 발병 시기와 유병 기간을 알 수 없으며, 당뇨병을 처음 진단받을 때에 이미 당뇨망막병증이 동반될 수 있으므로 처음 당뇨병 진단을 받을 때 반드시 안과검사가 필요하고 이상이 없더라도 적어도 1년에 한 번 이상 안과검사를 받는 것이 좋습니다.
당뇨망막병증이 진행된 경우에는 정도에 따라 추적 관찰 간격이 결정됩니다. 임신 중에는 당뇨망막병증이 더 악화되므로, 최소한 3개월에 한 번 정도 안저검사를 받아야 하며, 당뇨망막병증의 상태에 따라 더 자주 경과를 관찰해야 합니다."
임신 중에는 당뇨망막병증이 어떻게 변화하나요?,"당뇨망막병증의 경과: 제1형 당뇨병을 처음으로 진단받은 경우, 보통 첫 5년간은 당뇨망막병증이 없으므로 초기 안과검사는 당뇨병 진단 5년 이내에 받으면 됩니다. 제2형 당뇨병의 경우에는 정확한 발병 시기와 유병 기간을 알 수 없으며, 당뇨병을 처음 진단받을 때에 이미 당뇨망막병증이 동반될 수 있으므로 처음 당뇨병 진단을 받을 때 반드시 안과검사가 필요하고 이상이 없더라도 적어도 1년에 한 번 이상 안과검사를 받는 것이 좋습니다.
당뇨망막병증이 진행된 경우에는 정도에 따라 추적 관찰 간격이 결정됩니다. 임신 중에는 당뇨망막병증이 더 악화되므로, 최소한 3개월에 한 번 정도 안저검사를 받아야 하며, 당뇨망막병증의 상태에 따라 더 자주 경과를 관찰해야 합니다."
당뇨망막병증을 앓는 환자라도 중심 망막에 장애가 없으면 시력이 어떻게 되는가요?,당뇨망막병증의 주의사항: 증식성 당뇨망막병증을 앓는 환자라도 중심 망막(황반)에 장애가 없으면 시력이 정상일 수 있습니다. 그러나 이와 같은 상태로도 주변에 증식 병변이 있다면 언제라도 출혈이나 견인 망막 박리로 인해 치명적인 시력 손실이 발생할 수 있습니다. 이 경우 레이저 치료를 받아 위험을 줄여야 합니다.
주변에 증식 병변이 있을 때 어떤 위험을 안고 있나요?,당뇨망막병증의 주의사항: 증식성 당뇨망막병증을 앓는 환자라도 중심 망막(황반)에 장애가 없으면 시력이 정상일 수 있습니다. 그러나 이와 같은 상태로도 주변에 증식 병변이 있다면 언제라도 출혈이나 견인 망막 박리로 인해 치명적인 시력 손실이 발생할 수 있습니다. 이 경우 레이저 치료를 받아 위험을 줄여야 합니다.
당뇨병성 말초신경병증은 어떤 카테고리에 속하나요?,당뇨병성 말초신경병증의 카테고리: 뇌신경정신질환
당뇨병성 말초신경병증이란 무엇인가요?,당뇨병성 말초신경병증
What is the English name for diabetic polyneuropathy?,당뇨병성 말초신경병증의 질환 영문명: Diabetic polyneuropathy
당뇨병성 말초신경병증의 증상은 무감각이나 저림 같은 신체 감각 이상 외에도 더 있나요?,"당뇨병성 말초신경병증의 증상: 무감각,  손, 발 감각 저하,  말초 통증,  말초 신경장애,  저림"
당뇨병성 말초신경병증은 어떤 종류의 당뇨병과 관련이 있나요?,"당뇨병성 말초신경병증의 관련 질환: 인슐린 의존성 당뇨병,  인슐린 비의존성 당뇨병,  당뇨망막병증,  당뇨병,  당뇨병성 족부 질환"
당뇨병성 말초신경병증은 어떤 증상을 보이나요?,당뇨병성 말초신경병증의 진료과: 내분비내과
당뇨병성 말초신경병증을 진단하는 검사는 무엇이 있나요?,당뇨병성 말초신경병증의 진료과: 내분비내과
당뇨병성 말초신경병증의 다른 이름은 무엇인가요?,"당뇨병성 말초신경병증의 동의어: 당뇨병성신경병증,당뇨성말초신경병증,당뇨성신경병증"
당뇨병성 말초신경병증이 무엇인가요?,"당뇨병성 말초신경병증의 정의: 당뇨병성 말초신경병증은 당뇨병의 합병증 중 하나로, 당뇨병을 오래 앓으면서 신경이 손상되어 여러 가지 문제를 일으키는 질환입니다. 모든 신경계에 나타날 수 있지만, 주로 말초신경계에 많이 나타납니다. 당뇨병성 말초신경병증은 일상생활에 많은 불편을 끼치고, 나아가 심한 장애를 남기기 때문에 시급히 치료해야 합니다."
당뇨병성 말초신경병증의 원인은 무엇인가요?,"당뇨병성 말초신경병증의 원인: 경구 혈당강하제를 꾸준히 복용했더라도 혈당이 얼마나 잘 조절되었느냐에 따라, 혹은 당뇨병이 얼마나 오래되었느냐에 따라 당뇨병성 말초신경병증이 생길 수 있습니다. 혈당이 높으면 신경섬유가 손상을 받아 당뇨병성 말초신경병증이 생깁니다."
당뇨병성 말초신경병증의 구체적 증상은 무엇인가요?,"당뇨병성 말초신경병증의 구체적 증상: 말초신경병증의 뚜렷한 증상은 발이 저린 증상, 감각 이상, 무감각, 심한 통증입니다. 화끈거리고 저린 증상이 느껴지며, 부드러운 것이 닿았을 때도 통증이 느껴집니다. 보통 밤에 증상이 더 심해집니다. 통증이 극심해 참기 힘들기도 하지만, 아예 통증이 없는 경우도 있습니다."
당뇨병성 말초신경병증의 통증이 어떻게 느껴지나요?,"당뇨병성 말초신경병증의 구체적 증상: 말초신경병증의 뚜렷한 증상은 발이 저린 증상, 감각 이상, 무감각, 심한 통증입니다. 화끈거리고 저린 증상이 느껴지며, 부드러운 것이 닿았을 때도 통증이 느껴집니다. 보통 밤에 증상이 더 심해집니다. 통증이 극심해 참기 힘들기도 하지만, 아예 통증이 없는 경우도 있습니다."
당뇨병성 말초신경병증을 진단하는 검사 방법은 무엇인가요?,"당뇨병성 말초신경병증의 진단: 당뇨병성 말초신경병증은 당뇨병 환자에게 흔하게 나타나는 합병증입니다.
검사 방법은 다음과 같습니다.
① 말초신경과 자율신경 손상 여부를 확인하기 위한 말초신경 감각 검사와 자율신경 검사
② 다리 혈관의 동맥경화 유무를 조기 진단할 수 있는 하지 혈류 검사
③ 이 밖에 신장 기능을 확인하는 검사와 지질 검사(총콜레스테롤, 좋은 콜레스테롤, 나쁜 콜레스테롤, 중성지방), 혈압, 심전도 등의 검사"
말초신경 감각 검사와 자율신경 검사는 어떻게 진행되나요?,"당뇨병성 말초신경병증의 진단: 당뇨병성 말초신경병증은 당뇨병 환자에게 흔하게 나타나는 합병증입니다.
검사 방법은 다음과 같습니다.
① 말초신경과 자율신경 손상 여부를 확인하기 위한 말초신경 감각 검사와 자율신경 검사
② 다리 혈관의 동맥경화 유무를 조기 진단할 수 있는 하지 혈류 검사
③ 이 밖에 신장 기능을 확인하는 검사와 지질 검사(총콜레스테롤, 좋은 콜레스테롤, 나쁜 콜레스테롤, 중성지방), 혈압, 심전도 등의 검사"
당뇨병성 말초신경병증의 진단을 위해 실시하는 하지 혈류 검사의 목적은 무엇인가요?,"당뇨병성 말초신경병증의 진단: 당뇨병성 말초신경병증은 당뇨병 환자에게 흔하게 나타나는 합병증입니다.
검사 방법은 다음과 같습니다.
① 말초신경과 자율신경 손상 여부를 확인하기 위한 말초신경 감각 검사와 자율신경 검사
② 다리 혈관의 동맥경화 유무를 조기 진단할 수 있는 하지 혈류 검사
③ 이 밖에 신장 기능을 확인하는 검사와 지질 검사(총콜레스테롤, 좋은 콜레스테롤, 나쁜 콜레스테롤, 중성지방), 혈압, 심전도 등의 검사"
당뇨병성 말초신경병증의 치료에는 어떤 주요한 요소들이 포함되나요?,"당뇨병성 말초신경병증의 치료: 당뇨병성 말초신경병증은 고혈당에 의해 발생합니다. 따라서 근본적인 치료 방법은 혈당을 정상 범위로 내리고 그것을 유지하는 것입니다. 하지만 다발성 말초신경병증인 경우 혈당이 조절되어도 통증이 계속 나타나는 경우가 있습니다. 이 경우에는 여러 가지 약물로 통증을 조절합니다. 또한 술, 담배 등은 혈액순환을 방해하므로 피해야 합니다. 가벼운 운동이나 스트레칭을 꾸준히 하는 건강한 생활습관을 가져야 합니다."
당뇨병성 말초신경병증의 치료를 위해 가장 중요한 것은 무엇인가요?,"당뇨병성 말초신경병증의 치료: 당뇨병성 말초신경병증은 고혈당에 의해 발생합니다. 따라서 근본적인 치료 방법은 혈당을 정상 범위로 내리고 그것을 유지하는 것입니다. 하지만 다발성 말초신경병증인 경우 혈당이 조절되어도 통증이 계속 나타나는 경우가 있습니다. 이 경우에는 여러 가지 약물로 통증을 조절합니다. 또한 술, 담배 등은 혈액순환을 방해하므로 피해야 합니다. 가벼운 운동이나 스트레칭을 꾸준히 하는 건강한 생활습관을 가져야 합니다."
당뇨병성 말초신경병증의 경과는 어떻게 진행되나요?,당뇨병성 말초신경병증의 경과: 당뇨병성 말초신경병증이 있으면 발에 궤양이 생기기 쉽습니다. 발의 감각이 무디어져 발의 특정 부위에 반복적인 압력이 가해져도 잘 느끼지 못합니다. 그러다 보면 특정 부위에 굳은살이 생겼다가 터지면서 궤양이 생깁니다. 
당뇨병성 말초신경병증으로 인해 발에 궤양이 생기면 어떤 증상이 나타날 수 있나요?,당뇨병성 말초신경병증의 경과: 당뇨병성 말초신경병증이 있으면 발에 궤양이 생기기 쉽습니다. 발의 감각이 무디어져 발의 특정 부위에 반복적인 압력이 가해져도 잘 느끼지 못합니다. 그러다 보면 특정 부위에 굳은살이 생겼다가 터지면서 궤양이 생깁니다. 
당뇨병성 말초신경병증을 예방하기 위해 어떤 관리가 필요한가요?,"당뇨병성 말초신경병증의 주의사항: 당뇨병성 말초신경병증의 합병증은 오랜 기간 당뇨병 관리가 잘되지 않아 나타납니다. 몸의 어느 곳에서나 나타날 수 있습니다. 당뇨병 합병증을 예방하기 위해서는 혈당 관리를 철저히 하고, 정기적으로 합병증 검사를 받는 것이 중요합니다. 또 금주, 금연하고 체중을 관리해야 합니다."
당뇨병성 말초신경병증이 어디에서 나타날 수 있나요?,"당뇨병성 말초신경병증의 주의사항: 당뇨병성 말초신경병증의 합병증은 오랜 기간 당뇨병 관리가 잘되지 않아 나타납니다. 몸의 어느 곳에서나 나타날 수 있습니다. 당뇨병 합병증을 예방하기 위해서는 혈당 관리를 철저히 하고, 정기적으로 합병증 검사를 받는 것이 중요합니다. 또 금주, 금연하고 체중을 관리해야 합니다."
당뇨병성 족부 질환은 어떠한 특징을 가지고 있는가요?,당뇨병성 족부 질환의 카테고리: 피부질환
당뇨병성 족부 질환은 어떻게 치료되나요?,당뇨병성 족부 질환의 카테고리: 피부질환
당뇨병성 족부 질환은 어떤 합병증을 일으킬 수 있나요?,당뇨병성 족부 질환의 카테고리: 피부질환
당뇨병성 족부 질환은 어떤 증상을 보이나요?,당뇨병성 족부 질환
당뇨병성 족부 질환을 예방할 수 있는 방법은 무엇인가요?,당뇨병성 족부 질환
당뇨병성 족부 질환의 질환 영문명은 무엇인가요?,당뇨병성 족부 질환의 질환 영문명: DM foot ulcer
당뇨병성 족부 질환의 주요 증상은 무엇인가요?,"당뇨병성 족부 질환의 증상: 피부 건조,  발가락의 변형,  피부색 변화,  피부궤양,  괴사,  저림,  감각 이상,  시림"
당뇨병성 족부 질환은 어떤 증상을 보이나요?,"당뇨병성 족부 질환의 관련 질환: 인슐린 의존성 당뇨병,  인슐린 비의존성 당뇨병,  당뇨망막병증,  당뇨병,  당뇨병성 말초신경병증"
당뇨병성 족부 질환은 어떤 질환이 관련되어 있나요?,"당뇨병성 족부 질환의 관련 질환: 인슐린 의존성 당뇨병,  인슐린 비의존성 당뇨병,  당뇨망막병증,  당뇨병,  당뇨병성 말초신경병증"
당뇨병성 족부 질환을 어떻게 진단하나요?,"당뇨병성 족부 질환의 진료과: 내분비내과, 성형외과, 혈관외과, 정형외과"
당뇨병성 족부 질환의 치료는 어떻게 이루어지나요?,"당뇨병성 족부 질환의 진료과: 내분비내과, 성형외과, 혈관외과, 정형외과"
당뇨병성 족부 질환의 다른 이름은 무엇인가요?,"당뇨병성 족부 질환의 동의어: 당뇨발,당뇨병성 족부 궤양"
당뇨병성 족부 질환은 어떤 증상들로 나타날 수 있나요?,"당뇨병성 족부 질환의 정의: 당뇨병성 족부 질환은 당뇨병을 앓는 환자의 발에 생기는 신경병, 구조적 변형, 피부 못, 피부와 조갑의 변화, 발의 궤양, 감염, 혈관 질환 등의 통칭입니다. 당뇨병성 족부 질환이 진행되면 작은 상처도 낫지 않고 궤양이 됩니다. 심한 경우 혈액 순환이 되지 않아 까맣게 썩습니다."
당뇨병성 족부 질환의 원인은 무엇인가요?,"당뇨병성 족부 질환의 원인: 당뇨병을 앓으면 혈액 순환이 잘되지 않고 감각이 둔해지며, 세균 감염에 대한 저항력이 떨어집니다. 발에 상처가 생겨도 잘 느끼지 못하며, 치유력과 세균에 대한 저항력이 떨어져 가벼운 상처도 급속히 진행하여 궤양이나 괴저 등 심각한 합병증이 발생합니다. 심하면 절단해야 할 수 있습니다.
당뇨병을 앓은 기간이 오래된 사람, 담배를 피우는 사람, 혈당이 잘 조절되지 않는 사람의 경우 당뇨병성 족부 질환이 발생할 위험이 더욱 높습니다. 많은 당뇨발은 사소한 상처에서 비롯되므로, 환자 자신이 조금만 주의를 기울인다면 대부분 예방할 수 있습니다.
① 발톱이 파고 들어가는 상처
② 발톱을 깎다가 생기는 상처
③ 꼭 끼는 신발로 인한 물집, 굳은살
④ 뜨거운 목욕탕에서 생긴 수포"
당뇨병성 족부 질환을 예방하기 위해서는 어떤 주의가 필요한가요?,"당뇨병성 족부 질환의 원인: 당뇨병을 앓으면 혈액 순환이 잘되지 않고 감각이 둔해지며, 세균 감염에 대한 저항력이 떨어집니다. 발에 상처가 생겨도 잘 느끼지 못하며, 치유력과 세균에 대한 저항력이 떨어져 가벼운 상처도 급속히 진행하여 궤양이나 괴저 등 심각한 합병증이 발생합니다. 심하면 절단해야 할 수 있습니다.
당뇨병을 앓은 기간이 오래된 사람, 담배를 피우는 사람, 혈당이 잘 조절되지 않는 사람의 경우 당뇨병성 족부 질환이 발생할 위험이 더욱 높습니다. 많은 당뇨발은 사소한 상처에서 비롯되므로, 환자 자신이 조금만 주의를 기울인다면 대부분 예방할 수 있습니다.
① 발톱이 파고 들어가는 상처
② 발톱을 깎다가 생기는 상처
③ 꼭 끼는 신발로 인한 물집, 굳은살
④ 뜨거운 목욕탕에서 생긴 수포"
당뇨병성 족부 질환의 구체적 증상은 무엇인가요?,"당뇨병성 족부 질환의 구체적 증상: 당뇨병성 족부 질환의 증상으로 가장 먼저 나타나는 증상은 신경 장애로 인한 이상 감각이 많습니다. 초기 증상은 발이 시리고, 저리고, 화끈화끈한 것입니다. 환자 개개인에 따라 다양한 증상을 호소합니다. 이것이 좀 더 진행되면 발에 무언가 붙어 있는 듯한 느낌이나 발을 밟을 때 모래나 구슬 위를 걷는 듯한 느낌 등과 같은 다양한 이상 감각을 호소하게 됩니다. 이러한 이상 감각과 통증으로 인해 불면증에 시달리는 경우가 많습니다.
신경이 완전히 파괴되면 발의 감각이 둔해집니다. 발에 쉽게 상처가 나고, 다치거나 고름이 잡혀도 본인은 아픈지 모릅니다. 상처가 커지고 심해져야 깨닫게 됩니다. 자주 발이 붓습니다. 피부에 땀이 나지 않아 건조해지고 갈라져서 상처가 쉽게 납니다.
운동 신경의 이상으로 인해 발가락의 작은 근육들이 마비되어 망치족이나 갈퀴족 같이 변형되어 신발이 잘 맞지 않게 되기도 하고, 굳은살이나 상처가 잘 생기기도 합니다. 자율 신경에도 이상이 생겨 발에 땀이 잘 안 나고 건조해지기도 합니다. 혈액 순환 장애로 인해 발이 시리거나 차가워지는 증상이 나타나며, 많은 경우 발가락이 갑자기 까맣게 썩습니다."
당뇨병성 족부 질환을 진단하기 위해 어떤 검사가 필요한가요?,"당뇨병성 족부 질환의 진단: 발의 갑작스러운 변화에 항상 주의를 기울여야 합니다. 발의 색이 붉거나 검게 변하거나, 수포, 궤양 등 사소한 변화가 생기면 병원을 찾는 것이 좋습니다. 당뇨병성 족부 질환을 정확하게 평가하기 위해서는 핀 테스트, 소리굽쇠 테스트 등의 감각 검사와 방사선 검사, 뼈 스캔 및 혈류를 평가하기 위한 피부 산소포화도 검사, 초음파 혈류 검사, 혈관 조영술 등이 필요할 수 있습니다."
당뇨병성 족부 질환의 진단 시 발의 어떤 변화에 주의해야 하나요?,"당뇨병성 족부 질환의 진단: 발의 갑작스러운 변화에 항상 주의를 기울여야 합니다. 발의 색이 붉거나 검게 변하거나, 수포, 궤양 등 사소한 변화가 생기면 병원을 찾는 것이 좋습니다. 당뇨병성 족부 질환을 정확하게 평가하기 위해서는 핀 테스트, 소리굽쇠 테스트 등의 감각 검사와 방사선 검사, 뼈 스캔 및 혈류를 평가하기 위한 피부 산소포화도 검사, 초음파 혈류 검사, 혈관 조영술 등이 필요할 수 있습니다."
당뇨병성 족부 질환의 치료는 어떤 방법으로 나누어지나요?,"당뇨병성 족부 질환의 치료: 당뇨병성 족부 질환의 치료는 크게 보존적 치료와 수술 치료로 나뉩니다. 보존적 치료는 드레싱을 하여 육아 조직 및 혈관의 생성을 돕는 것입니다. 필요하다면, 혈관 확장제, 조직의 재생을 돕는 상피세포 성장 인자(EGF), 고압산소 치료 등을 이용하여 상처의 치유 과정을 촉진하기도 합니다. 

 

수술 치료로는 감염되어 죽은 조직을 수술로 제거하여, 건강한 조직으로부터 상처가 치유되도록 하는 변연 절제술이 있습니다. 또한 크고 깊은 상처 조직을 다른 부위의 살로 덮어 주는 재건 수술(피부 이식술, 국소 피판술, 유리 피판술)이 있습니다. 예전 같으면 심하게 괴사한 당뇨발을 절단했어야 하지만, 최근에는 혈관 상태에 따라 성공적으로 재건할 수 있는 경우가 있습니다. 따라서 조기에 전문의의 진료를 받는 것이 중요합니다."
당뇨병성 족부 질환의 치료에서 수술 치료에는 어떤 방법들이 사용되나요?,"당뇨병성 족부 질환의 치료: 당뇨병성 족부 질환의 치료는 크게 보존적 치료와 수술 치료로 나뉩니다. 보존적 치료는 드레싱을 하여 육아 조직 및 혈관의 생성을 돕는 것입니다. 필요하다면, 혈관 확장제, 조직의 재생을 돕는 상피세포 성장 인자(EGF), 고압산소 치료 등을 이용하여 상처의 치유 과정을 촉진하기도 합니다. 

 

수술 치료로는 감염되어 죽은 조직을 수술로 제거하여, 건강한 조직으로부터 상처가 치유되도록 하는 변연 절제술이 있습니다. 또한 크고 깊은 상처 조직을 다른 부위의 살로 덮어 주는 재건 수술(피부 이식술, 국소 피판술, 유리 피판술)이 있습니다. 예전 같으면 심하게 괴사한 당뇨발을 절단했어야 하지만, 최근에는 혈관 상태에 따라 성공적으로 재건할 수 있는 경우가 있습니다. 따라서 조기에 전문의의 진료를 받는 것이 중요합니다."
당뇨병성 족부 질환의 경과는 어떻게 진행되나요?,당뇨병성 족부 질환의 경과: 당뇨 환자의 발은 가벼운 상처도 궤양이나 괴저 등의 심각한 합병증으로 급속히 진행할 수 있습니다. 또한 발 근육이 약해지면서 모양이 바뀌고 발뼈가 부서지기도 합니다. 혈액 순환이 나빠지면서 특별한 원인 없이 발가락이 까맣게 썩을 수도 있습니다. 이를 방치하면 심각한 합병증이 발생하고 절단에 이를 수도 있습니다.
"발가락이 까맣게 썩는 경우, 이는 어떤 원인으로 발생하나요?",당뇨병성 족부 질환의 경과: 당뇨 환자의 발은 가벼운 상처도 궤양이나 괴저 등의 심각한 합병증으로 급속히 진행할 수 있습니다. 또한 발 근육이 약해지면서 모양이 바뀌고 발뼈가 부서지기도 합니다. 혈액 순환이 나빠지면서 특별한 원인 없이 발가락이 까맣게 썩을 수도 있습니다. 이를 방치하면 심각한 합병증이 발생하고 절단에 이를 수도 있습니다.
당뇨병성 족부 질환을 예방하기 위해 매일 발을 관찰하는 이유는 무엇인가요?,"당뇨병성 족부 질환의 주의사항: 당뇨병성 족부 질환을 예방하기 위한 방법은 다음과 같습니다. 
① 혈당 돌보기
- 혈당을 유지할 수 있는 건강한 생활습관을 가지세요.
② 매일 발 관찰하기
- 매일 발과 발톱의 상태, 상처, 피부의 색깔을 관찰하세요.
- 허리나 시력의 문제로 발을 관찰하기 어려우면 거울을 사용하거나 가족에게 도움을 요청하세요.
③ 매일 발 씻기
- 발을 뜨겁지 않고 따뜻한 물로 씻으세요.
- 목욕이나 샤워를 하기 전에는 물이 너무 뜨겁지 않은지 온도계나 팔꿈치로 확인하세요.
- 발을 잘 말리고 발가락 사이가 젖어 있지 않도록 주의하세요.
④ 피부를 부드럽고 매끈하게 유지하기
- 발등과 발바닥에는 보습제를 바르고, 발가락 사이에는 바르지 마세요.
⑤ 발톱 손질하기
- 발을 씻고 말린 후, 발톱을 손톱깎이를 이용해 일자로 다듬으세요. 만일 발톱이 두꺼워지거나 노랗게 되면 잘라내지 말고 전문가에게 맡기세요.
⑥ 언제나 신발과 양말 신기
- 실내에서도 물건을 밟아 발을 다칠 수 있기 때문에 맨발로 다니지 마세요.
- 신발을 신을 때는 울퉁불퉁한 부위나 이음새가 없는 양말 및 스타킹을 신어서 물집이 생기지 않도록 하세요. 욕창으로 진전되지 않도록 하세요.
- 신발과 양말을 선택할 때는 발에 습기가 차지 않는 재료인지, 충격과 미끄러짐을 방지할 수 있게 만들어졌는지 확인하세요.
- 신발을 신기 전에 신발 속이 매끈한지, 자갈돌과 같은 도돌도돌한 이물질이 없는지 항상 확인하세요.
- 발에 변형이 있다면 당뇨 환자용 신발을 맞추어 신는 것이 좋습니다.
- 안감을 댄 부츠는 겨울철에 발을 따뜻하게 유지하기에 좋습니다.
⑦ 뜨겁거나 찬 것으로부터 발을 보호하기
- 바닷가나 뜨거운 포장도로에서는 항상 신발을 신으세요.
- 라디에이터나 난방기로부터 발을 멀리하세요.
- 뜨거운 물이 들어있는 병이나 열이 나는 패드를 사용하지 마세요.
- 추운 날에는 동상을 피하기 위해 발을 따뜻하게 유지하세요.
- 발이 시리다면 잠잘 때 양말을 신으세요.
⑧ 혈액 순환에 신경 쓰기
- 의자에 오래 앉아 있을 때는 발을 올려놓고, 수시로 발가락을 움직이세요.
- 발목을 위아래 좌우로 움직여 발과 다리에 혈액 순환이 잘 되도록 하세요.
- 오랫동안 다리를 꼬고 있지 마세요.
- 혈액 순환에 장애를 줄 수 있으므로 조이는 양말이나 탄력 스타킹, 다리를 조이는 가터(대님)를 피하세요.
- 담배를 피우지 마세요.
- 혈압이 높거나 콜레스테롤이 높다면 전문의와 상의하세요.
⑨ 적극적으로 운동하기
- 의사와 함께 올바른 운동 프로그램을 계획하세요.
- 적당한 운동은 좋지만, 지나치게 오래 걷기나 격하게 달리는 등 발에 무리가 되는 운동은 피하세요.
- 운동을 할 때 언제나 준비운동과 정리운동을 하세요.
- 발에 잘 맞는 보행 신발이나 운동화를 신으세요.
⑩ 의사와 관계 유지하기
- 적어도 1년에 한 번은 전문의에게 발을 검사받으세요. 심각한 문제가 있다면 즉시 알려줄 것입니다."
당뇨병성 족부 질환을 예방하기 위해 발을 씻을 때 주의해야 할 점은 무엇인가요?,"당뇨병성 족부 질환의 주의사항: 당뇨병성 족부 질환을 예방하기 위한 방법은 다음과 같습니다. 
① 혈당 돌보기
- 혈당을 유지할 수 있는 건강한 생활습관을 가지세요.
② 매일 발 관찰하기
- 매일 발과 발톱의 상태, 상처, 피부의 색깔을 관찰하세요.
- 허리나 시력의 문제로 발을 관찰하기 어려우면 거울을 사용하거나 가족에게 도움을 요청하세요.
③ 매일 발 씻기
- 발을 뜨겁지 않고 따뜻한 물로 씻으세요.
- 목욕이나 샤워를 하기 전에는 물이 너무 뜨겁지 않은지 온도계나 팔꿈치로 확인하세요.
- 발을 잘 말리고 발가락 사이가 젖어 있지 않도록 주의하세요.
④ 피부를 부드럽고 매끈하게 유지하기
- 발등과 발바닥에는 보습제를 바르고, 발가락 사이에는 바르지 마세요.
⑤ 발톱 손질하기
- 발을 씻고 말린 후, 발톱을 손톱깎이를 이용해 일자로 다듬으세요. 만일 발톱이 두꺼워지거나 노랗게 되면 잘라내지 말고 전문가에게 맡기세요.
⑥ 언제나 신발과 양말 신기
- 실내에서도 물건을 밟아 발을 다칠 수 있기 때문에 맨발로 다니지 마세요.
- 신발을 신을 때는 울퉁불퉁한 부위나 이음새가 없는 양말 및 스타킹을 신어서 물집이 생기지 않도록 하세요. 욕창으로 진전되지 않도록 하세요.
- 신발과 양말을 선택할 때는 발에 습기가 차지 않는 재료인지, 충격과 미끄러짐을 방지할 수 있게 만들어졌는지 확인하세요.
- 신발을 신기 전에 신발 속이 매끈한지, 자갈돌과 같은 도돌도돌한 이물질이 없는지 항상 확인하세요.
- 발에 변형이 있다면 당뇨 환자용 신발을 맞추어 신는 것이 좋습니다.
- 안감을 댄 부츠는 겨울철에 발을 따뜻하게 유지하기에 좋습니다.
⑦ 뜨겁거나 찬 것으로부터 발을 보호하기
- 바닷가나 뜨거운 포장도로에서는 항상 신발을 신으세요.
- 라디에이터나 난방기로부터 발을 멀리하세요.
- 뜨거운 물이 들어있는 병이나 열이 나는 패드를 사용하지 마세요.
- 추운 날에는 동상을 피하기 위해 발을 따뜻하게 유지하세요.
- 발이 시리다면 잠잘 때 양말을 신으세요.
⑧ 혈액 순환에 신경 쓰기
- 의자에 오래 앉아 있을 때는 발을 올려놓고, 수시로 발가락을 움직이세요.
- 발목을 위아래 좌우로 움직여 발과 다리에 혈액 순환이 잘 되도록 하세요.
- 오랫동안 다리를 꼬고 있지 마세요.
- 혈액 순환에 장애를 줄 수 있으므로 조이는 양말이나 탄력 스타킹, 다리를 조이는 가터(대님)를 피하세요.
- 담배를 피우지 마세요.
- 혈압이 높거나 콜레스테롤이 높다면 전문의와 상의하세요.
⑨ 적극적으로 운동하기
- 의사와 함께 올바른 운동 프로그램을 계획하세요.
- 적당한 운동은 좋지만, 지나치게 오래 걷기나 격하게 달리는 등 발에 무리가 되는 운동은 피하세요.
- 운동을 할 때 언제나 준비운동과 정리운동을 하세요.
- 발에 잘 맞는 보행 신발이나 운동화를 신으세요.
⑩ 의사와 관계 유지하기
- 적어도 1년에 한 번은 전문의에게 발을 검사받으세요. 심각한 문제가 있다면 즉시 알려줄 것입니다."
임신성 당뇨병은 유방내분비질환에 속하나요?,임신성 당뇨병의 카테고리: 유방내분비질환
What is the English name for gestational diabetes?,임신성 당뇨병의 질환 영문명: Gestational diabetes
임신성 당뇨병이 있는 여성이 주로 겪는 증상은 무엇인가요?,"임신성 당뇨병의 증상: 기운없음,  무증상,  고혈당,  피부 긴장도 저하"
임신성 당뇨병과 관련된 질환들 중에서 어떤 질환들이 있나요?,"임신성 당뇨병의 관련 질환: 저혈당증,  조산,  임신성 고혈압,  자간증,  자간전증,  난산,  선천성 기형,  신생아 호흡곤란증후군"
임신성 당뇨병을 진료받는 과목은 무엇인가요?,"임신성 당뇨병의 진료과: 내분비내과, 산부인과"
임신성 당뇨병의 다른 명칭은 무엇인가요?,"임신성 당뇨병의 동의어: Gestational diabetes mellitus,임신성당뇨"
임신성 당뇨병이란 무엇인가요?,"임신성 당뇨병의 정의: 임신성 당뇨병은 임신 이전에 이미 당뇨병이 있던 경우와 달리, 임신에 의해 유발되는 질환입니다. 임신 중에 당대사의 생리학적인 변화가 과장되어 나타난 결과입니다. 임신 중 처음으로 인지했거나 발생한 당대사 장애로 정의할 수 있습니다. 임신성 당뇨병은 크게 임신 전 당뇨와 임신성 당뇨로 분류할 수 있습니다. 
임신 전 기간 동안 임산부의 대사 이상으로 인해 태아 손상이 생길 수 있습니다. 임신 초기에는 태아 손상 및 자연 유산이 발생할 수 있고, 임신 중기와 말기에는 거대아, 고인슐린증, 사산 등이 발생할 수 있습니다. 임신성 당뇨병에서 가장 중요한 관심은 태아가 과도하게 커져 이로 인해 분만 손상이 생길 수 있다는 점입니다. 
임신성 당뇨병 환자의 50% 이상은 20년 이내 현성 당뇨병이 발병합니다. 장기적으로는 자녀에게 비만과 당뇨병이 생길 수 있습니다. 그러나 임신성 당뇨병은 정확히 진단하여 적절히 치료하기만 하면 선천성 기형과 태아 사망률의 측면에서는 일반 임산부와 별 차이가 없습니다."
임신성 당뇨병이 태아에 어떤 영향을 미칠 수 있나요?,"임신성 당뇨병의 정의: 임신성 당뇨병은 임신 이전에 이미 당뇨병이 있던 경우와 달리, 임신에 의해 유발되는 질환입니다. 임신 중에 당대사의 생리학적인 변화가 과장되어 나타난 결과입니다. 임신 중 처음으로 인지했거나 발생한 당대사 장애로 정의할 수 있습니다. 임신성 당뇨병은 크게 임신 전 당뇨와 임신성 당뇨로 분류할 수 있습니다. 
임신 전 기간 동안 임산부의 대사 이상으로 인해 태아 손상이 생길 수 있습니다. 임신 초기에는 태아 손상 및 자연 유산이 발생할 수 있고, 임신 중기와 말기에는 거대아, 고인슐린증, 사산 등이 발생할 수 있습니다. 임신성 당뇨병에서 가장 중요한 관심은 태아가 과도하게 커져 이로 인해 분만 손상이 생길 수 있다는 점입니다. 
임신성 당뇨병 환자의 50% 이상은 20년 이내 현성 당뇨병이 발병합니다. 장기적으로는 자녀에게 비만과 당뇨병이 생길 수 있습니다. 그러나 임신성 당뇨병은 정확히 진단하여 적절히 치료하기만 하면 선천성 기형과 태아 사망률의 측면에서는 일반 임산부와 별 차이가 없습니다."
임신성 당뇨병의 원인은 무엇인가요?,"임신성 당뇨병의 원인: 임신성 당뇨병의 원인은 정확히 알려지지 않았습니다. 다만 임신성 당뇨병은 태반락토젠, 난포호르몬, 황체호르몬 등의 태반 호르몬이 인슐린의 분비를 억제하는 작용과, 태반 인슐린 분해 효소의 작용이 관련된 것으로 추정됩니다.
태아에서 분비되는 호르몬에 의해 인슐린 저항성(insulin resistance), 즉 혈당을 낮추는 인슐린의 기능이 떨어져 세포가 포도당을 효과적으로 연소하지 못하면, 정상 임산부는 인슐린 저항성을 극복하기 위해 췌장에서 인슐린 분비가 증가합니다. 그러나 임신성 당뇨병이 있는 임산부는 인슐린 저항성을 극복할 만큼 인슐린이 충분히 분비되지 못합니다. 그래서 인슐린 저항성과 분비 장애는 모두 임신성 당뇨병의 중요한 원인이 됩니다. 췌장 베타 세포를 항원으로 인식하는 자가 항체가 발견되기도 합니다."
임신성 당뇨병이 있는 임산부의 췌장에서 인슐린 분비가 어떻게 되나요?,"임신성 당뇨병의 원인: 임신성 당뇨병의 원인은 정확히 알려지지 않았습니다. 다만 임신성 당뇨병은 태반락토젠, 난포호르몬, 황체호르몬 등의 태반 호르몬이 인슐린의 분비를 억제하는 작용과, 태반 인슐린 분해 효소의 작용이 관련된 것으로 추정됩니다.
태아에서 분비되는 호르몬에 의해 인슐린 저항성(insulin resistance), 즉 혈당을 낮추는 인슐린의 기능이 떨어져 세포가 포도당을 효과적으로 연소하지 못하면, 정상 임산부는 인슐린 저항성을 극복하기 위해 췌장에서 인슐린 분비가 증가합니다. 그러나 임신성 당뇨병이 있는 임산부는 인슐린 저항성을 극복할 만큼 인슐린이 충분히 분비되지 못합니다. 그래서 인슐린 저항성과 분비 장애는 모두 임신성 당뇨병의 중요한 원인이 됩니다. 췌장 베타 세포를 항원으로 인식하는 자가 항체가 발견되기도 합니다."
임신성 당뇨병의 구체적 증상은 무엇인가요?,"임신성 당뇨병의 구체적 증상: 대부분은 특징적인 증상이 나타나지 않습니다. 종종 피로감, 쇠약감 등의 증상을 나타내고, 임신성 고혈압을 동반하기도 합니다."
임신성 당뇨병의 진단은 어떻게 이루어지나요?,임신성 당뇨병의 진단: 임신성 당뇨병은 경구 당부하 검사로 진단합니다. 임신성 당뇨병일 가능성이 큰 임산부는 최초로 산전 관리를 받으러 갔을 때 경구 당부하 검사를 시행합니다. 그렇지 않은 임산부는 임신 24~28주 정도에 선별 검사로 50g 경구 당부하 검사를 시행합니다. 이때 당뇨병이 의심되면 100g 경구 당부하 검사를 시행하여 임신성 당뇨병인지를 확정적으로 진단할 수 있습니다.
임신성 당뇨병의 진단을 받기 위해 언제 검사를 받아야 하나요?,임신성 당뇨병의 진단: 임신성 당뇨병은 경구 당부하 검사로 진단합니다. 임신성 당뇨병일 가능성이 큰 임산부는 최초로 산전 관리를 받으러 갔을 때 경구 당부하 검사를 시행합니다. 그렇지 않은 임산부는 임신 24~28주 정도에 선별 검사로 50g 경구 당부하 검사를 시행합니다. 이때 당뇨병이 의심되면 100g 경구 당부하 검사를 시행하여 임신성 당뇨병인지를 확정적으로 진단할 수 있습니다.
임신성 당뇨병의 치료에는 어떤 방법들이 주로 사용되나요?,"임신성 당뇨병의 치료: 혈당을 조절하기 위해 식이 요법, 운동 요법, 인슐린 요법 등을 시행합니다. 전문가와 상의하여 방법 및 정도를 결정하는 것이 바람직합니다. 또한 태아의 상태를 정확히 감시하고 성숙도를 평가해야 합니다. 분만 후에는 신생아를 집중적으로 관리해야 합니다.
목표 혈당은 공복에서 95mg/dL 미만, 식후 1시간 후 140mg/dL 미만, 식후 2시간 후 120mg/dL 미만입니다. 식이 요법 및 운동 요법을 적절하게 시행한 후에도 혈당이 잘 조절되지 않으면 인슐린을 사용합니다. 보통 임신 중에는 경구 혈당 강하제를 추천하지 않습니다."
임신성 당뇨병의 치료 중 목표 혈당치가 어떻게 되나요?,"임신성 당뇨병의 치료: 혈당을 조절하기 위해 식이 요법, 운동 요법, 인슐린 요법 등을 시행합니다. 전문가와 상의하여 방법 및 정도를 결정하는 것이 바람직합니다. 또한 태아의 상태를 정확히 감시하고 성숙도를 평가해야 합니다. 분만 후에는 신생아를 집중적으로 관리해야 합니다.
목표 혈당은 공복에서 95mg/dL 미만, 식후 1시간 후 140mg/dL 미만, 식후 2시간 후 120mg/dL 미만입니다. 식이 요법 및 운동 요법을 적절하게 시행한 후에도 혈당이 잘 조절되지 않으면 인슐린을 사용합니다. 보통 임신 중에는 경구 혈당 강하제를 추천하지 않습니다."
임신성 당뇨병의 경과는 어떻게 되나요?,"임신성 당뇨병의 경과: 혈당이 잘 조절되지 않을 경우, 분만 예정일 4~8주 전에 원인불명의 태아 사망의 빈도가 증가한다고 보고되었습니다. 고혈압과 거대아로 인해 제왕절개술의 빈도가 증가할 수 있습니다. 이 밖에도 태아에게 저혈당증, 저칼슘혈증, 고빌리루빈혈증, 적혈구과다증, 신생아 호흡곤란증 등이 유발될 수 있습니다. 따라서 임신성 당뇨병을 조절하는 것은 매우 중요합니다."
임신성 당뇨병의 식사요법은 무엇을 포함하고 있나요?,임신성 당뇨병의 식사요법: 임신성 당뇨식
인슐린 의존성 당뇨병이 유방내분비질환 카테고리에 속하는 이유는 무엇인가요?,인슐린 의존성 당뇨병의 카테고리: 유방내분비질환
유방내분비질환 카테고리에 속하는 질병들 중에서 인슐린 의존성 당뇨병의 특징적인 증상은 무엇인가요?,인슐린 의존성 당뇨병의 카테고리: 유방내분비질환
인슐린 의존성 당뇨병이란 무엇인가요?,인슐린 의존성 당뇨병
인슐린 의존성 당뇨병의 주된 증상은 무엇인가요?,인슐린 의존성 당뇨병
인슐린 의존성 당뇨병을 치료하기 위해 필요한 주요 치료 방법은 무엇인가요?,인슐린 의존성 당뇨병
What is the English name for insulin-dependent diabetes mellitus?,인슐린 의존성 당뇨병의 질환 영문명: Insulin-dependent diabetes mellitus
인슐린 의존성 당뇨병의 주요 증상은 무엇인가요?,"인슐린 의존성 당뇨병의 증상: 고혈당,  복부 통증,  체중감소,  피로감,  식욕부진,  구토,  다뇨,  다음,  다식"
인슐린 의존성 당뇨병과 당뇨병성 말초신경병증의 관계는 무엇인가요?,"인슐린 의존성 당뇨병의 관련 질환: 인슐린 비의존성 당뇨병,  당뇨망막병증,  당뇨병,  당뇨병성 족부 질환,  임신성 당뇨병,  당뇨병성 말초신경병증"
인슐린 의존성 당뇨병과 당뇨병성 족부 질환은 어떤 연관이 있나요?,"인슐린 의존성 당뇨병의 관련 질환: 인슐린 비의존성 당뇨병,  당뇨망막병증,  당뇨병,  당뇨병성 족부 질환,  임신성 당뇨병,  당뇨병성 말초신경병증"
인슐린 의존성 당뇨병과 임신성 당뇨병의 차이점은 무엇인가요?,"인슐린 의존성 당뇨병의 관련 질환: 인슐린 비의존성 당뇨병,  당뇨망막병증,  당뇨병,  당뇨병성 족부 질환,  임신성 당뇨병,  당뇨병성 말초신경병증"
인슐린 의존성 당뇨병을 진료하는 가정의학과 의사는 어떤 역할을 하나요?,"인슐린 의존성 당뇨병의 진료과: 가정의학과, 건강의학과, 내분비내과, 소아내분비대사과, 신ㆍ췌장이식외과"
소아내분비대사과는 어떤 경우에 인슐린 의존성 당뇨병 환자를 진료하나요?,"인슐린 의존성 당뇨병의 진료과: 가정의학과, 건강의학과, 내분비내과, 소아내분비대사과, 신ㆍ췌장이식외과"
인슐린 의존성 당뇨병은 무슨 종류의 당뇨병인가요?,"인슐린 의존성 당뇨병의 동의어: Type 1 diabetes mellitus,소아당뇨병,제1형 당뇨병"
인슐린 의존성 당뇨병은 무엇인가요?,"인슐린 의존성 당뇨병의 정의: 사람의 몸은 음식을 섭취하여 세포 안에 들어온 포도당의 양에 따라 췌장에서 적당한 인슐린을 자동적으로 생성합니다. 그러나 소아당뇨병(제1형 당뇨병)이 있는 사람들은 췌장에 있는 인슐린을 생성하는 세포가 파괴되어 인슐린을 제대로 생성하지 못합니다. 이와 같이 췌장에서 인슐린이 만들어지지 않아 당뇨병이 생기는 경우를 제1형 당뇨병(소아당뇨병, 인슐린 의존성 당뇨병)이라고 합니다.
이렇게 되면 포도당이 세포 내로 들어가지 못하고 혈액 내에 축적됩니다. 그 결과 고혈당 상태가 되어 에너지를 만들어 낼 수 없게 됩니다. 혈액 내 포도당의 수치가 어떤 기준 이상이 되면, 과도한 포도당은 신장을 통해 소변으로 나옵니다. 이를 당뇨(소변으로 당이 나온다)라고 합니다."
인슐린 의존성 당뇨병의 주된 원인은 무엇인가요?,"인슐린 의존성 당뇨병의 원인: 소아에게 주로 발생하는 제1형 당뇨병은 제2형 당뇨병에 비하면 아주 적은 정도이기는 하나 유전적 요인이 관여합니다. 제1형 당뇨병의 유전적 소인을 가진 사람에게 어떤 환경적인 요인(바이러스 감염, 스트레스 등)이 가해지면 자신의 췌장에서 인슐린을 만들어내는 베타세포를 남으로 인식하고 파괴하기 시작합니다. 이를 자가면역 반응이라고 합니다. 이처럼 제1형 당뇨병은 유전적인 소인에 더하여 환경적 요인, 면역학적 요인이 함께 작용하여 발생합니다."
인슐린 의존성 당뇨병에서 가장 초기에 나타나는 증상은 무엇인가요?,"인슐린 의존성 당뇨병의 구체적 증상: 인슐린 의존성 당뇨병에서 가장 초기에 나타나는 증상은 다뇨입니다. 이는 혈당이 180mg/dl를 넘는 경우에 당분이 몸속으로 재흡수되지 못하고 소변으로 배설되어 생기는 증상입니다. 
일반적으로 혈당이 높을수록 소변량이 많아집니다. 소변량이 많아지면 우리 몸은 수분이 부족하다고 느껴 갈증이 생기고 물을 많이 마시게 됩니다. 또한 음식을 먹어도 당분이 몸 안에서 에너지원으로 이용되지 못하고 빠져나가기 때문에 피로감을 느끼고 체중이 줄며, 자꾸 음식을 찾게 됩니다(다식). 소아의 경우 오히려 다식이 아니라 식욕 부진이 생기는 경우도 있습니다.
구토, 복통, 탈수 등이 동반된 상태를 당뇨병성 케톤산증이라고 합니다. 심하면 의식 장애도 올 수 있습니다. 이러한 증상이 있으면 신속히 병원을 방문해 치료를 받아야 합니다."
혈당이 높을수록 소변량이 늘어나는 이유는 무엇인가요?,"인슐린 의존성 당뇨병의 구체적 증상: 인슐린 의존성 당뇨병에서 가장 초기에 나타나는 증상은 다뇨입니다. 이는 혈당이 180mg/dl를 넘는 경우에 당분이 몸속으로 재흡수되지 못하고 소변으로 배설되어 생기는 증상입니다. 
일반적으로 혈당이 높을수록 소변량이 많아집니다. 소변량이 많아지면 우리 몸은 수분이 부족하다고 느껴 갈증이 생기고 물을 많이 마시게 됩니다. 또한 음식을 먹어도 당분이 몸 안에서 에너지원으로 이용되지 못하고 빠져나가기 때문에 피로감을 느끼고 체중이 줄며, 자꾸 음식을 찾게 됩니다(다식). 소아의 경우 오히려 다식이 아니라 식욕 부진이 생기는 경우도 있습니다.
구토, 복통, 탈수 등이 동반된 상태를 당뇨병성 케톤산증이라고 합니다. 심하면 의식 장애도 올 수 있습니다. 이러한 증상이 있으면 신속히 병원을 방문해 치료를 받아야 합니다."
인슐린 의존성 당뇨병에서 피로감을 느끼고 체중이 줄어들게 되는 이유는 무엇인가요?,"인슐린 의존성 당뇨병의 구체적 증상: 인슐린 의존성 당뇨병에서 가장 초기에 나타나는 증상은 다뇨입니다. 이는 혈당이 180mg/dl를 넘는 경우에 당분이 몸속으로 재흡수되지 못하고 소변으로 배설되어 생기는 증상입니다. 
일반적으로 혈당이 높을수록 소변량이 많아집니다. 소변량이 많아지면 우리 몸은 수분이 부족하다고 느껴 갈증이 생기고 물을 많이 마시게 됩니다. 또한 음식을 먹어도 당분이 몸 안에서 에너지원으로 이용되지 못하고 빠져나가기 때문에 피로감을 느끼고 체중이 줄며, 자꾸 음식을 찾게 됩니다(다식). 소아의 경우 오히려 다식이 아니라 식욕 부진이 생기는 경우도 있습니다.
구토, 복통, 탈수 등이 동반된 상태를 당뇨병성 케톤산증이라고 합니다. 심하면 의식 장애도 올 수 있습니다. 이러한 증상이 있으면 신속히 병원을 방문해 치료를 받아야 합니다."
인슐린 의존성 당뇨병을 진단하기 위한 주요 증상은 무엇인가요?,"인슐린 의존성 당뇨병의 진단: 인슐린 의존성 당뇨병을 진단하기 위해 혈액 채취를 통한 혈당 검사를 시행합니다. 다뇨, 체중 감소 등의 증상이 있으면서, 하루 중 어느 때라도 혈당이 200mg/dl 이상인 경우, 공복 혈당이 126mg/dl 이상인 경우, 경구 당부하 검사 후 2시간째 혈당이 200mg/dl 이상인 경우에 당뇨병으로 진단합니다."
인슐린 의존성 당뇨병을 진단하는데 어떤 혈당 검사가 사용되나요?,"인슐린 의존성 당뇨병의 진단: 인슐린 의존성 당뇨병을 진단하기 위해 혈액 채취를 통한 혈당 검사를 시행합니다. 다뇨, 체중 감소 등의 증상이 있으면서, 하루 중 어느 때라도 혈당이 200mg/dl 이상인 경우, 공복 혈당이 126mg/dl 이상인 경우, 경구 당부하 검사 후 2시간째 혈당이 200mg/dl 이상인 경우에 당뇨병으로 진단합니다."
인슐린 의존성 당뇨병의 치료는 완전히 치료될 수 있는 질병인가요?,"인슐린 의존성 당뇨병의 치료: 당뇨병은 진단 후 일시적으로 치료하더라도 완치되지 않습니다. 지속적으로 관리해야 하는 질병입니다. 
소아당뇨병도 성인형 당뇨병(제2형 당뇨병)과 마찬가지로 식사 및 운동 요법을 해야 합니다. 이와 함께 반드시 적절한 인슐린 치료를 시행해야 합니다.
소아당뇨병에서도 식사 요법은 매우 중요합니다. 성장하는 아이들은 무조건 음식을 제한하면 안 됩니다. 나이에 맞는 성장과 발달이 이루어질 수 있는 적절한 양의 음식을 골고루 섭취해야 합니다. 당뇨병이 환아도 당뇨병이 없는 아이들과 영양 요구량이 같습니다. 따라서 개인 및 가족의 음식 선호도와 식사 습관, 체중, 활동량 및 인슐린 치료 방법 등을 고려하여 식사 습관을 정하되, 혈당을 급격히 올리는 음식(주로 간식류)을 너무 많이 먹지 않도록 주의해야 합니다.
운동은 혈당을 조절하는 데 도움을 줄 뿐만 아니라, 체력과 심폐 기능을 좋게 하고, 유연성을 높이며, 스트레스를 줄여줍니다. 본인이 좋아하고 꾸준히 할 수 있는 운동을 택하되, 본인의 몸 상태를 고려해 운동의 종류와 강도를 정해야 합니다.
인슐린을 사용하는 경우 운동 후 저혈당에 유의해야 합니다. 운동 전후로 혈당을 측정하는 것이 좋습니다. 저혈당에 대비한 음식을 미리 준비해 놓은 후에 운동하는 것이 좋습니다."
소아당뇨병에서 식사 요법은 왜 중요한가요?,"인슐린 의존성 당뇨병의 치료: 당뇨병은 진단 후 일시적으로 치료하더라도 완치되지 않습니다. 지속적으로 관리해야 하는 질병입니다. 
소아당뇨병도 성인형 당뇨병(제2형 당뇨병)과 마찬가지로 식사 및 운동 요법을 해야 합니다. 이와 함께 반드시 적절한 인슐린 치료를 시행해야 합니다.
소아당뇨병에서도 식사 요법은 매우 중요합니다. 성장하는 아이들은 무조건 음식을 제한하면 안 됩니다. 나이에 맞는 성장과 발달이 이루어질 수 있는 적절한 양의 음식을 골고루 섭취해야 합니다. 당뇨병이 환아도 당뇨병이 없는 아이들과 영양 요구량이 같습니다. 따라서 개인 및 가족의 음식 선호도와 식사 습관, 체중, 활동량 및 인슐린 치료 방법 등을 고려하여 식사 습관을 정하되, 혈당을 급격히 올리는 음식(주로 간식류)을 너무 많이 먹지 않도록 주의해야 합니다.
운동은 혈당을 조절하는 데 도움을 줄 뿐만 아니라, 체력과 심폐 기능을 좋게 하고, 유연성을 높이며, 스트레스를 줄여줍니다. 본인이 좋아하고 꾸준히 할 수 있는 운동을 택하되, 본인의 몸 상태를 고려해 운동의 종류와 강도를 정해야 합니다.
인슐린을 사용하는 경우 운동 후 저혈당에 유의해야 합니다. 운동 전후로 혈당을 측정하는 것이 좋습니다. 저혈당에 대비한 음식을 미리 준비해 놓은 후에 운동하는 것이 좋습니다."
인슐린을 사용하는 경우 운동 전후로 무엇을 해야 하나요?,"인슐린 의존성 당뇨병의 치료: 당뇨병은 진단 후 일시적으로 치료하더라도 완치되지 않습니다. 지속적으로 관리해야 하는 질병입니다. 
소아당뇨병도 성인형 당뇨병(제2형 당뇨병)과 마찬가지로 식사 및 운동 요법을 해야 합니다. 이와 함께 반드시 적절한 인슐린 치료를 시행해야 합니다.
소아당뇨병에서도 식사 요법은 매우 중요합니다. 성장하는 아이들은 무조건 음식을 제한하면 안 됩니다. 나이에 맞는 성장과 발달이 이루어질 수 있는 적절한 양의 음식을 골고루 섭취해야 합니다. 당뇨병이 환아도 당뇨병이 없는 아이들과 영양 요구량이 같습니다. 따라서 개인 및 가족의 음식 선호도와 식사 습관, 체중, 활동량 및 인슐린 치료 방법 등을 고려하여 식사 습관을 정하되, 혈당을 급격히 올리는 음식(주로 간식류)을 너무 많이 먹지 않도록 주의해야 합니다.
운동은 혈당을 조절하는 데 도움을 줄 뿐만 아니라, 체력과 심폐 기능을 좋게 하고, 유연성을 높이며, 스트레스를 줄여줍니다. 본인이 좋아하고 꾸준히 할 수 있는 운동을 택하되, 본인의 몸 상태를 고려해 운동의 종류와 강도를 정해야 합니다.
인슐린을 사용하는 경우 운동 후 저혈당에 유의해야 합니다. 운동 전후로 혈당을 측정하는 것이 좋습니다. 저혈당에 대비한 음식을 미리 준비해 놓은 후에 운동하는 것이 좋습니다."
인슐린 의존성 당뇨병의 경과는 어떤 합병증들이 주로 발생하나요?,"인슐린 의존성 당뇨병의 경과: 당뇨병의 합병증으로 당뇨병성 케톤산증, 고삼투압성 비케톤성 혼수, 유산산증, 저혈당 등의 급성 대사성 합병증이 있습니다. 만성적인 혈관 관련 합병증으로는 대혈관 질환(동맥경화증, 관상동맥 질환 및 심근병증, 뇌혈관 질환, 기타 말초혈관 질환)과 미세혈관 질환(망막병증, 신장병증, 신경병증) 등이 있습니다. 복합적 합병증으로는 감염, 피부 병변, 당뇨병성 족부 병변이 있습니다."
인슐린 의존성 당뇨병의 경과에서 주로 발생하는 대혈관 관련 합병증은 무엇인가요?,"인슐린 의존성 당뇨병의 경과: 당뇨병의 합병증으로 당뇨병성 케톤산증, 고삼투압성 비케톤성 혼수, 유산산증, 저혈당 등의 급성 대사성 합병증이 있습니다. 만성적인 혈관 관련 합병증으로는 대혈관 질환(동맥경화증, 관상동맥 질환 및 심근병증, 뇌혈관 질환, 기타 말초혈관 질환)과 미세혈관 질환(망막병증, 신장병증, 신경병증) 등이 있습니다. 복합적 합병증으로는 감염, 피부 병변, 당뇨병성 족부 병변이 있습니다."
인슐린 비의존성 당뇨병이 유방내분비질환에 속하는 이유는 무엇인가요?,인슐린 비의존성 당뇨병의 카테고리: 유방내분비질환
유방내분비질환에 속하는 인슐린 비의존성 당뇨병은 다른 당뇨병과 어떻게 다른가요?,인슐린 비의존성 당뇨병의 카테고리: 유방내분비질환
인슐린 비의존성 당뇨병이란 무엇인가요?,인슐린 비의존성 당뇨병
인슐린 비의존성 당뇨병은 어떤 증상을 보이나요?,인슐린 비의존성 당뇨병
인슐린 비의존성 당뇨병을 관리하기 위한 주요 치료 방법은 무엇인가요?,인슐린 비의존성 당뇨병
What is the English name for non-insulin dependent diabetes mellitus?,인슐린 비의존성 당뇨병의 질환 영문명: Non-insulin dependent diabetes mellitus
인슐린 비의존성 당뇨병의 증상은 무엇인가요?,"인슐린 비의존성 당뇨병의 증상: 고혈당,  소양감,  갈증,  침침함,  다뇨,  저림,  다음,  다식"
인슐린 비의존성 당뇨병과 관련된 질환 중 하나인 당뇨병 망막병증은 어떤 증상을 보이나요?,"인슐린 비의존성 당뇨병의 관련 질환: 인슐린 의존성 당뇨병,  당뇨망막병증,  당뇨병,  저혈당증,  당뇨병성 족부 질환,  임신성 당뇨병,  당뇨병성 말초신경병증"
인슐린 비의존성 당뇨병과 관련된 질환 중 당뇨병성 족부 질환은 어떤 증상을 보이나요?,"인슐린 비의존성 당뇨병의 관련 질환: 인슐린 의존성 당뇨병,  당뇨망막병증,  당뇨병,  저혈당증,  당뇨병성 족부 질환,  임신성 당뇨병,  당뇨병성 말초신경병증"
인슐린 비의존성 당뇨병을 진료하는 가정의학과에서 어떤 진료가 이루어지나요?,"인슐린 비의존성 당뇨병의 진료과: 가정의학과, 건강의학과, 내분비내과, 신ㆍ췌장이식외과"
건강의학과에서 인슐린 비의존성 당뇨병 환자에게 어떤 종류의 치료를 제공하나요?,"인슐린 비의존성 당뇨병의 진료과: 가정의학과, 건강의학과, 내분비내과, 신ㆍ췌장이식외과"
내분비내과에서 인슐린 비의존성 당뇨병을 어떻게 진단하고 치료하나요?,"인슐린 비의존성 당뇨병의 진료과: 가정의학과, 건강의학과, 내분비내과, 신ㆍ췌장이식외과"
신ㆍ췌장이식외과에서는 어떤 경우에 인슐린 비의존성 당뇨병 환자를 치료하나요?,"인슐린 비의존성 당뇨병의 진료과: 가정의학과, 건강의학과, 내분비내과, 신ㆍ췌장이식외과"
인슐린 비의존성 당뇨병의 다른 이름은 무엇인가요?,"인슐린 비의존성 당뇨병의 동의어: Type 2 diabetes mellitus,성인형 당뇨병,제2형 당뇨병"
인슐린 비의존성 당뇨병이란 무엇인가요?,"인슐린 비의존성 당뇨병의 정의: 당뇨병은 소변으로 포도당(요당)이 배출된다고 하여 이름 붙여진 병입니다. 정상인의 경우 소변으로 당이 넘쳐나지 않을 정도로 좁은 범위에서 혈당이 조절됩니다. 여기에는 췌장에서 분비되는 \'인슐린\'이라는 호르몬이 중요한 작용을 합니다. 이러한 인슐린이 모자라거나 인슐린이 제대로 일을 하지 못하면 혈당이 상승하게 되며, 이로 인해 혈당이 지속적으로 높은 상태를 당뇨병이라고 부릅니다."
인슐린 비의존성 당뇨병과 인슐린 의존성 당뇨병의 차이는 무엇인가요?,"인슐린 비의존성 당뇨병의 정의: 당뇨병은 소변으로 포도당(요당)이 배출된다고 하여 이름 붙여진 병입니다. 정상인의 경우 소변으로 당이 넘쳐나지 않을 정도로 좁은 범위에서 혈당이 조절됩니다. 여기에는 췌장에서 분비되는 \'인슐린\'이라는 호르몬이 중요한 작용을 합니다. 이러한 인슐린이 모자라거나 인슐린이 제대로 일을 하지 못하면 혈당이 상승하게 되며, 이로 인해 혈당이 지속적으로 높은 상태를 당뇨병이라고 부릅니다."
인슐린 비의존성 당뇨병의 원인은 무엇인가요?,"인슐린 비의존성 당뇨병의 원인: 당뇨병의 발생에는 유전과 환경이 중요한 역할을 합니다. 즉, 당뇨병에 걸리기 쉬운 유전적 체질을 부모에게 물려받은 사람이 당뇨병을 유발하기 쉬운 환경에 노출되면 당뇨병이 발생할 수 있습니다. 하지만 현재까지 당뇨병을 일으키는 유전자의 이상을 찾을 수 있는 경우는 전체 당뇨병의 1% 미만에 불과합니다. 대부분은 원인이 되는 유전자가 명확히 밝혀지지 않았습니다.
당뇨병을 유발할 수 있는 환경 인자로는 고령, 비만, 스트레스, 임신, 감염, 약물(스테로이드 제제, 면역 억제제, 이뇨제) 등이 있습니다. 환경 인자는 유전 인자와는 달리 본인의 노력으로 어느 정도 피할 수 있다는 점이 중요합니다. 최근 들어 당뇨병이 급증하는 이유는 유전적인 원인보다는 과도한 음식물 섭취와 운동량 감소로 인한 비만증의 증가 때문입니다."
당뇨병을 유발하는 환경 인자 중에서 본인이 조절할 수 있는 요소는 무엇인가요?,"인슐린 비의존성 당뇨병의 원인: 당뇨병의 발생에는 유전과 환경이 중요한 역할을 합니다. 즉, 당뇨병에 걸리기 쉬운 유전적 체질을 부모에게 물려받은 사람이 당뇨병을 유발하기 쉬운 환경에 노출되면 당뇨병이 발생할 수 있습니다. 하지만 현재까지 당뇨병을 일으키는 유전자의 이상을 찾을 수 있는 경우는 전체 당뇨병의 1% 미만에 불과합니다. 대부분은 원인이 되는 유전자가 명확히 밝혀지지 않았습니다.
당뇨병을 유발할 수 있는 환경 인자로는 고령, 비만, 스트레스, 임신, 감염, 약물(스테로이드 제제, 면역 억제제, 이뇨제) 등이 있습니다. 환경 인자는 유전 인자와는 달리 본인의 노력으로 어느 정도 피할 수 있다는 점이 중요합니다. 최근 들어 당뇨병이 급증하는 이유는 유전적인 원인보다는 과도한 음식물 섭취와 운동량 감소로 인한 비만증의 증가 때문입니다."
인슐린 비의존성 당뇨병의 가장 대표적인 증상은 무엇인가요?,"인슐린 비의존성 당뇨병의 구체적 증상: 당뇨병에 걸리면 소변으로 포도당이 빠져나갑니다. 이때 포도당이 수분을 같이 끌고 나가기 때문에 소변량이 늘어납니다. 그 결과 몸 안에 수분이 부족하여 심한 갈증을 느끼게 됩니다. 또한 영양분이 몸에서 이용되지 않고 빠져나가기 때문에 피로감을 느낍니다. 잘 먹는데도 불구하고 체중이 감소합니다.
당뇨병의 가장 대표적인 증상을 \'삼다(三多)\'라고 합니다. 다음(多飮, 물을 많이 마심), 다뇨(多尿, 소변을 많이 봄), 다식(多食, 많이 먹음)을 말합니다. 그 외의 당뇨병의 증상으로는 눈 침침함, 손발 저림이 있고, 여성의 경우 질 소양증 등이 나타납니다. 하지만 혈당이 크게 높지 않으면 대부분 특별한 증상을 느끼지 못합니다."
인슐린 비의존성 당뇨병으로 인해 발생하는 갈증은 어떤 이유로 발생하나요?,"인슐린 비의존성 당뇨병의 구체적 증상: 당뇨병에 걸리면 소변으로 포도당이 빠져나갑니다. 이때 포도당이 수분을 같이 끌고 나가기 때문에 소변량이 늘어납니다. 그 결과 몸 안에 수분이 부족하여 심한 갈증을 느끼게 됩니다. 또한 영양분이 몸에서 이용되지 않고 빠져나가기 때문에 피로감을 느낍니다. 잘 먹는데도 불구하고 체중이 감소합니다.
당뇨병의 가장 대표적인 증상을 \'삼다(三多)\'라고 합니다. 다음(多飮, 물을 많이 마심), 다뇨(多尿, 소변을 많이 봄), 다식(多食, 많이 먹음)을 말합니다. 그 외의 당뇨병의 증상으로는 눈 침침함, 손발 저림이 있고, 여성의 경우 질 소양증 등이 나타납니다. 하지만 혈당이 크게 높지 않으면 대부분 특별한 증상을 느끼지 못합니다."
인슐린 비의존성 당뇨병의 진단은 어떻게 이루어지나요?,"인슐린 비의존성 당뇨병의 진단: \'당뇨병은 혈당을 측정하여 진단합니다. 이때 혈당 검사란 손가락 끝에서 채혈을 하는 전혈 포도당 검사가 아닙니다. 정맥혈을 채취하여 피떡을 가라앉히고, 상층의 맑은 혈장 성분만을 분리하여 포도당 농도를 측정하는 것입니다. 요당 검사는 과거에는 많이 시행하였으나, 당뇨병인데도 음성이 나올 수 있고, 당뇨병이 아닌데도 양성으로 나올 수 있어 당뇨병의 진단 검사로는 부적합합니다.
당뇨병의 진단 기준은 당뇨병의 특징적인 증상이 있으면서 ① 식사 시간에 관계없이 측정한 혈당이 200mg/dL 이상이거나 ② 8시간 동안 열량 섭취가 없는 공복 상태에서 측정한 공복 혈당이 126mg/dL 이상이거나 ③ 경구 당부하 검사에서 75gm의 포도당을 섭취한 뒤 측정한 2시간째 혈당이 200mg/dL 이상이면 당뇨병으로 진단할 수 있습니다. 그러나 명백한 고혈당 증상이나 급성 대사 이상이 있는 경우를 제외하면, 다른 날에 반복 검사를 시행하여 두 번 이상 진단 기준을 만족할 때 당뇨병으로 진단합니다."
당뇨병 진단에 요당 검사는 왜 부적합한가요?,"인슐린 비의존성 당뇨병의 진단: \'당뇨병은 혈당을 측정하여 진단합니다. 이때 혈당 검사란 손가락 끝에서 채혈을 하는 전혈 포도당 검사가 아닙니다. 정맥혈을 채취하여 피떡을 가라앉히고, 상층의 맑은 혈장 성분만을 분리하여 포도당 농도를 측정하는 것입니다. 요당 검사는 과거에는 많이 시행하였으나, 당뇨병인데도 음성이 나올 수 있고, 당뇨병이 아닌데도 양성으로 나올 수 있어 당뇨병의 진단 검사로는 부적합합니다.
당뇨병의 진단 기준은 당뇨병의 특징적인 증상이 있으면서 ① 식사 시간에 관계없이 측정한 혈당이 200mg/dL 이상이거나 ② 8시간 동안 열량 섭취가 없는 공복 상태에서 측정한 공복 혈당이 126mg/dL 이상이거나 ③ 경구 당부하 검사에서 75gm의 포도당을 섭취한 뒤 측정한 2시간째 혈당이 200mg/dL 이상이면 당뇨병으로 진단할 수 있습니다. 그러나 명백한 고혈당 증상이나 급성 대사 이상이 있는 경우를 제외하면, 다른 날에 반복 검사를 시행하여 두 번 이상 진단 기준을 만족할 때 당뇨병으로 진단합니다."
인슐린 비의존성 당뇨병의 치료는 어떻게 이루어지나요?,"인슐린 비의존성 당뇨병의 치료: 고혈당이 약물 복용, 심한 스트레스 등 일시적으로 혈당을 올리는 원인에 의해 생긴 경우에는 이러한 원인을 제거하면 다시 정상으로 돌아옵니다. 이러한 일시적인 원인이 없는 상태에서 당뇨병을 진단받은 경우에는 완치되는 경우가 흔하지 않습니다. 하지만 당뇨병은 생활습관 관리, 약물 치료 등의 방법으로 얼마든지 관리할 수 있습니다. 당뇨병이 있더라도 관리만 잘하면 건강한 삶을 유지할 수 있습니다."
인슐린 비의존성 당뇨병의 경과는 어떠한 합병증이 주로 발생하나요?,"인슐린 비의존성 당뇨병의 경과: 당뇨병의 합병증으로 당뇨병성 케톤산증, 고삼투압성 비케톤성 혼수, 유산산증, 저혈당 등의 급성 대사성 합병증이 있습니다. 만성적인 혈관 관련 합병증으로는 대혈관 질환(동맥경화증- 관상동맥 질환 및 심근병증, 뇌혈관 질환, 기타 말초혈관 질환)과 미세혈관 질환(망막병증, 신장병증, 신경병증) 등이 있습니다. 복합적 합병증으로는 감염, 피부 병변, 당뇨병성 족부 병변이 있습니다."
인슐린 비의존성 당뇨병의 경과에서 나타나는 복합적 합병증으로는 어떤 것들이 있나요?,"인슐린 비의존성 당뇨병의 경과: 당뇨병의 합병증으로 당뇨병성 케톤산증, 고삼투압성 비케톤성 혼수, 유산산증, 저혈당 등의 급성 대사성 합병증이 있습니다. 만성적인 혈관 관련 합병증으로는 대혈관 질환(동맥경화증- 관상동맥 질환 및 심근병증, 뇌혈관 질환, 기타 말초혈관 질환)과 미세혈관 질환(망막병증, 신장병증, 신경병증) 등이 있습니다. 복합적 합병증으로는 감염, 피부 병변, 당뇨병성 족부 병변이 있습니다."
인슐린 비의존성 당뇨병의 주의사항은 무엇인가요?,"인슐린 비의존성 당뇨병의 주의사항: 최근 여러 가지 대규모의 연구를 통해 혈당 조절을 철저히 하면 소혈관에서 발생하는 당뇨병의 합병증, 즉 망막, 신장, 신경의 합병증을 예방하거나 진행을 막을 수 있음이 증명되었습니다. 그러나 심장혈관이나 뇌혈관에서 발생하는 대혈관 합병증은 혈당 조절만으로는 예방 효과가 적었습니다. 혈당과 함께 혈압, 고지혈증을 조절하는 것이 중요합니다."
당뇨망막병증이 유방내분비질환에 속하는 이유는 무엇인가요?,당뇨망막병증의 카테고리: 유방내분비질환
What is the English name for 당뇨망막병증?,당뇨망막병증의 질환 영문명: Diabetic retinopathy
당뇨망막병증의 주요 증상은 무엇인가요?,"당뇨망막병증의 증상: 시력 감소,  황반부종,  사물이 찌그러져 보임,  광시증,  시야장애,  비문증"
당뇨망막병증이 발생하는 주요 원인은 무엇인가요?,"당뇨망막병증의 관련 질환: 인슐린 의존성 당뇨병,  인슐린 비의존성 당뇨병,  망막 박리,  당뇨망막병증,  유리체 출혈"
당뇨망막병증이 있는 환자는 어떤 증상을 보이나요?,"당뇨망막병증의 관련 질환: 인슐린 의존성 당뇨병,  인슐린 비의존성 당뇨병,  망막 박리,  당뇨망막병증,  유리체 출혈"
망막 박리와 당뇨망막병증은 어떻게 관련되어 있나요?,"당뇨망막병증의 관련 질환: 인슐린 의존성 당뇨병,  인슐린 비의존성 당뇨병,  망막 박리,  당뇨망막병증,  유리체 출혈"
당뇨망막병증을 진료받을 때 안과 전문의 외에 다른 전문의를 방문해야 할 필요가 있나요?,당뇨망막병증의 진료과: 안과
당뇨망막병증을 치료하기 위해 어떤 검사가 필요한가요?,당뇨망막병증의 진료과: 안과
당뇨망막병증의 증상이 있을 때 바로 안과를 방문해야 하나요?,당뇨망막병증의 진료과: 안과
당뇨망막병증이란 무엇인가요?,당뇨망막병증의 동의어: 당뇨망막증
당뇨망막병증과 당뇨망막증의 차이는 무엇인가요?,당뇨망막병증의 동의어: 당뇨망막증
당뇨망막병증은 무엇인가요?,"당뇨망막병증의 정의: 당뇨망막병증은 망막의 미세혈관이 손상되는 질환으로, 당뇨병의 합병증 중에서 가장 무서운 질환입니다. 이는 세계 각국의 실명 원인 중에서 높은 비중을 차지하고 있습니다. 당뇨병 경력이 30년 또는 그 이상인 환자의 약 90%에게서 발생하며, 15년 전후일 경우에는 발병률이 약 60~70%에 이릅니다. 혈당 조절이 잘 안되는 경우 더욱 잘 발생합니다. 초기에는 망막병증이 있으면서도 별다른 증상이 없는 경우가 많기 때문에 정기적인 안과 진찰이 중요합니다."
당뇨망막병증은 어떤 환자들에게 주로 발생하나요?,"당뇨망막병증의 정의: 당뇨망막병증은 망막의 미세혈관이 손상되는 질환으로, 당뇨병의 합병증 중에서 가장 무서운 질환입니다. 이는 세계 각국의 실명 원인 중에서 높은 비중을 차지하고 있습니다. 당뇨병 경력이 30년 또는 그 이상인 환자의 약 90%에게서 발생하며, 15년 전후일 경우에는 발병률이 약 60~70%에 이릅니다. 혈당 조절이 잘 안되는 경우 더욱 잘 발생합니다. 초기에는 망막병증이 있으면서도 별다른 증상이 없는 경우가 많기 때문에 정기적인 안과 진찰이 중요합니다."
당뇨망막병증의 주된 원인은 무엇인가요?,"당뇨망막병증의 원인: 당뇨망막병증의 원인은 당뇨병입니다. 당뇨병은 미세혈관계에 병변을 일으키는 대사성 질환으로, 눈을 포함한 전신 조직에 광범위한 장애를 일으킵니다. 당뇨병으로 인해 특유한 망막 순환 장애가 생기는 것을 당뇨망막병증이라고 합니다. 이는 당뇨병성 신경병증, 당뇨병성 신증과 함께 3대 미세혈관 합병증 중의 하나입니다."
당뇨망막병증이 발생하는 과정은 어떻게 되나요?,"당뇨망막병증의 원인: 당뇨망막병증의 원인은 당뇨병입니다. 당뇨병은 미세혈관계에 병변을 일으키는 대사성 질환으로, 눈을 포함한 전신 조직에 광범위한 장애를 일으킵니다. 당뇨병으로 인해 특유한 망막 순환 장애가 생기는 것을 당뇨망막병증이라고 합니다. 이는 당뇨병성 신경병증, 당뇨병성 신증과 함께 3대 미세혈관 합병증 중의 하나입니다."
당뇨망막병증의 구체적 증상은 무엇인가요?,"당뇨망막병증의 구체적 증상: 당뇨망막병증은 크게 비증식성 망막병증과 증식성 망막병증으로 분류할 수 있습니다. 비증식성 망막병증은 망막의 작은 혈관들이 약해져서 혈청이 새거나 혈관이 막혀서 영양 공급이 중단되는 상태를 말합니다. 서서히 발생하며, 시력이 점진적으로 감퇴됩니다. 이는 당뇨망막병증의 초기 소견이라고 할 수 있습니다.
한편 증식성 망막병증은 혈액순환이 나쁜 곳에 신생 혈관이 생김으로써 적절한 치료를 받지 않으면 신생 혈관에서 발생하는 출혈에 의해 5년 이내에 실명하게 되는 무서운 합병증입니다. 당뇨망막병증의 후기 소견이라고 할 수 있습니다.
초기 당뇨망막병증의 경우 증상이 없는 경우도 있습니다. 그러나 비문증(눈앞에 먼지나 벌레 같은 것들이 떠다니는 것처럼 느끼는 증상), 광시증, 변시증(사물이 비뚤어져 보이는 증상), 시야 흐림, 야간 시력 저하, 독서 장애 등이 나타날 수 있습니다.
혈관 투과성이 증가하여 황반부 망막이 붓는 황반 부종은 심각한 시력 저하를 야기할 수 있습니다. 당뇨망막병증이 많이 진행되었다고 하더라도 황반부에 장애가 없다면 좋은 시력을 유지할 수 있습니다. 그러나 가벼운 당뇨망막병증에서도 황반 부종이 발생하면 시력 저하가 발생할 수 있습니다. 따라서 시력은 당뇨망막병증의 정도를 파악하는 지표로 삼을 수 없습니다. 당뇨병을 진단받은 경우 증상 유무에 상관없이 정기 검진과 추적 관찰이 중요합니다."
당뇨망막병증이 많이 진행되었을 때 발생하는 황반 부종은 어떤 시력 문제를 야기할 수 있나요?,"당뇨망막병증의 구체적 증상: 당뇨망막병증은 크게 비증식성 망막병증과 증식성 망막병증으로 분류할 수 있습니다. 비증식성 망막병증은 망막의 작은 혈관들이 약해져서 혈청이 새거나 혈관이 막혀서 영양 공급이 중단되는 상태를 말합니다. 서서히 발생하며, 시력이 점진적으로 감퇴됩니다. 이는 당뇨망막병증의 초기 소견이라고 할 수 있습니다.
한편 증식성 망막병증은 혈액순환이 나쁜 곳에 신생 혈관이 생김으로써 적절한 치료를 받지 않으면 신생 혈관에서 발생하는 출혈에 의해 5년 이내에 실명하게 되는 무서운 합병증입니다. 당뇨망막병증의 후기 소견이라고 할 수 있습니다.
초기 당뇨망막병증의 경우 증상이 없는 경우도 있습니다. 그러나 비문증(눈앞에 먼지나 벌레 같은 것들이 떠다니는 것처럼 느끼는 증상), 광시증, 변시증(사물이 비뚤어져 보이는 증상), 시야 흐림, 야간 시력 저하, 독서 장애 등이 나타날 수 있습니다.
혈관 투과성이 증가하여 황반부 망막이 붓는 황반 부종은 심각한 시력 저하를 야기할 수 있습니다. 당뇨망막병증이 많이 진행되었다고 하더라도 황반부에 장애가 없다면 좋은 시력을 유지할 수 있습니다. 그러나 가벼운 당뇨망막병증에서도 황반 부종이 발생하면 시력 저하가 발생할 수 있습니다. 따라서 시력은 당뇨망막병증의 정도를 파악하는 지표로 삼을 수 없습니다. 당뇨병을 진단받은 경우 증상 유무에 상관없이 정기 검진과 추적 관찰이 중요합니다."
당뇨망막병증을 진단하는 가장 중요한 검사는 무엇인가요?,"당뇨망막병증의 진단: ① 안저 검사
당뇨망막병증을 진단하는 가장 중요한 검사입니다. 모든 환자를 대상으로 한 산동 검사가 원칙이며, 렌즈를 이용한 세극등 현미경 안저 검사 또는 도상 검안경 검사를 시행합니다. 렌즈를 이용한 세극등 현미경 안저 검사는 고배율의 입체시가 가능하기 때문에 후극부의 이상, 즉 유두혈관 신생이나 황반 부종, 망막 내 미세혈관 이상 등을 관찰하는 데 적합합니다. 도상 검안경 검사는 넓은 시야를 얻을 수 있기 때문에 전반적인 출혈이나 삼출물의 정도를 파악할 수 있으며 주변부의 이상을 검사하는데 용이합니다. 이 두 가지 검사는 서로 보완적이기 때문에 두 가지 모두를 이용하여 반복적이고 세밀한 검사를 하는 것이 좋습니다.
② 형광 안저혈관 조영
형광 안저혈관 조영 검사를 통해 당뇨망막병증의 직접적 원인이 되는 혈관의 누출과 혈관 폐쇄를 확인할 수 있습니다. 안저 검사를 시행한 뒤 보완적으로 이 검사를 시행하여 당뇨망막병증의 정도를 파악해야 합니다. 안저 검사를 하지 않고 단독으로 이 검사를 시행하는 것은 바람직하지 않습니다. 안저 검사 소견은 별다른 이상이 없지만 형광 안저 혈관 촬영에서 심한 혈관 비관류가 나타나는 경우도 있으므로, 안저 검사 소견이 의심스러운 경우에 이 검사가 진단에 도움이 될 수 있습니다.
③ 초음파 검사
매체 혼탁에 의해 안저를 관찰할 수 없을 때는 초음파 검사를 이용합니다. 당뇨망막병증에서는 주로 유리체 출혈, 뒤유리체면과 증식막의 상태, 견인 망막 박리 등의 형태 진단을 위해 초음파를 이용합니다.
④ 빛 간섭 단층촬영
빛 간섭 단층촬영을 통해 황반 부종의 정량적 측정을 객관적으로 시행할 수 있습니다. 또한 치료 전후의 효과 판단에 많은 도움을 줍니다. 이 밖에도 망막과 뒤유리체막의 상태를 관찰할 수 있기 때문에 황반 주름, 견인 등의 유무를 진단할 수 있습니다.
⑤ 망막 전위도 검사
임상적으로 가장 의미 있는 소견은 합한 진동소파전위진폭(Summed oscillatory potential amplitude)의 감소입니다. 진동소파전위는 강한 빛을 자극할 때 b파에 중첩되어 나타나는 일련의 파형으로, 망막 내층의 기능을 보여줍니다. 진동소파전위의 진폭 감소는 임상적으로 망막병증이 나타나지 않을 때도 확인할 수 있습니다. 형광 안저 촬영 소견 중 비관류나 누출, 망막병증의 심한 정도에 비례하여 감소합니다. 비증식 당뇨망막병증에서 진동소파전위가 정상일 때는 15년이 경과한 후 증식 당뇨망막병증으로 이행할 가능성이 20%인데 비해, 이것이 감소했을 때는 무려 62%로 높아집니다. 따라서 이 검사는 예후를 예측하는 데 의의가 있습니다."
당뇨망막병증의 형광 안저혈관 조영 검사는 어떤 역할을 하나요?,"당뇨망막병증의 진단: ① 안저 검사
당뇨망막병증을 진단하는 가장 중요한 검사입니다. 모든 환자를 대상으로 한 산동 검사가 원칙이며, 렌즈를 이용한 세극등 현미경 안저 검사 또는 도상 검안경 검사를 시행합니다. 렌즈를 이용한 세극등 현미경 안저 검사는 고배율의 입체시가 가능하기 때문에 후극부의 이상, 즉 유두혈관 신생이나 황반 부종, 망막 내 미세혈관 이상 등을 관찰하는 데 적합합니다. 도상 검안경 검사는 넓은 시야를 얻을 수 있기 때문에 전반적인 출혈이나 삼출물의 정도를 파악할 수 있으며 주변부의 이상을 검사하는데 용이합니다. 이 두 가지 검사는 서로 보완적이기 때문에 두 가지 모두를 이용하여 반복적이고 세밀한 검사를 하는 것이 좋습니다.
② 형광 안저혈관 조영
형광 안저혈관 조영 검사를 통해 당뇨망막병증의 직접적 원인이 되는 혈관의 누출과 혈관 폐쇄를 확인할 수 있습니다. 안저 검사를 시행한 뒤 보완적으로 이 검사를 시행하여 당뇨망막병증의 정도를 파악해야 합니다. 안저 검사를 하지 않고 단독으로 이 검사를 시행하는 것은 바람직하지 않습니다. 안저 검사 소견은 별다른 이상이 없지만 형광 안저 혈관 촬영에서 심한 혈관 비관류가 나타나는 경우도 있으므로, 안저 검사 소견이 의심스러운 경우에 이 검사가 진단에 도움이 될 수 있습니다.
③ 초음파 검사
매체 혼탁에 의해 안저를 관찰할 수 없을 때는 초음파 검사를 이용합니다. 당뇨망막병증에서는 주로 유리체 출혈, 뒤유리체면과 증식막의 상태, 견인 망막 박리 등의 형태 진단을 위해 초음파를 이용합니다.
④ 빛 간섭 단층촬영
빛 간섭 단층촬영을 통해 황반 부종의 정량적 측정을 객관적으로 시행할 수 있습니다. 또한 치료 전후의 효과 판단에 많은 도움을 줍니다. 이 밖에도 망막과 뒤유리체막의 상태를 관찰할 수 있기 때문에 황반 주름, 견인 등의 유무를 진단할 수 있습니다.
⑤ 망막 전위도 검사
임상적으로 가장 의미 있는 소견은 합한 진동소파전위진폭(Summed oscillatory potential amplitude)의 감소입니다. 진동소파전위는 강한 빛을 자극할 때 b파에 중첩되어 나타나는 일련의 파형으로, 망막 내층의 기능을 보여줍니다. 진동소파전위의 진폭 감소는 임상적으로 망막병증이 나타나지 않을 때도 확인할 수 있습니다. 형광 안저 촬영 소견 중 비관류나 누출, 망막병증의 심한 정도에 비례하여 감소합니다. 비증식 당뇨망막병증에서 진동소파전위가 정상일 때는 15년이 경과한 후 증식 당뇨망막병증으로 이행할 가능성이 20%인데 비해, 이것이 감소했을 때는 무려 62%로 높아집니다. 따라서 이 검사는 예후를 예측하는 데 의의가 있습니다."
당뇨망막병증의 치료는 어떻게 이루어지나요?,"당뇨망막병증의 치료: 당뇨망막병증을 치료하기 위해서는 원인 질환 치료가 동반되어야 합니다. 당뇨망막병증의 발생은 혈당치보다 당뇨병을 앓았던 기간에 비례하는 것으로 알려져 있습니다. 그러나 많은 연구에서 혈당을 엄격하게 조절할 경우 당뇨망막병증의 발생을 예방하거나 지연시킬 수 있고, 그 정도도 감소시킬 수 있다는 것이 밝혀졌습니다. 또한 당뇨병의 초기에 혈당을 조절하는 것이 당뇨망막병증의 빈도를 줄이는 데 가장 효과적입니다.
당뇨병 환자는 혈청 지질이 증가된 경우가 많습니다. 이러한 지질 이상은 혈관 내피세포의 손상을 조장하여 당뇨망막병증의 미세혈관 변화를 악화시킬 수 있습니다. 따라서 반드시 혈청 지질을 조절해야 합니다. 또한 혈압을 조절하거나 흡연을 하는 경우에는 금연을 하는 것이 좋습니다.
일단 발생한 망막병증, 특히 증식성 망막병증에 대해서는 레이저 광선을 이용한 \'광응고 요법\'을 시행할 수 있습니다. 적절한 시기에 이를 잘 치료하면 실명 확률을 현저히 낮출 수 있습니다. 한편 초자체의 출혈이나 망막의 박리 등으로 시력이 더욱 저하된 경우에는 초자체 제거술과 같은 외과적 수술을 고려할 수 있습니다. 광응고 요법의 부작용으로는 치료 시 통증, 각막 미란, 일시적인 안압 상승, 시야 장애, 조기 시력 저하, 황반 부종, 황반 응고, 맥락막 박리, 맥락막 출혈, 삼출 망막 박리, 견인 망막 박리 증가, 유리체 출혈 등을 들 수 있습니다."
당뇨망막병증을 치료하기 위해 혈당을 엄격하게 조절하는 이유는 무엇인가요?,"당뇨망막병증의 치료: 당뇨망막병증을 치료하기 위해서는 원인 질환 치료가 동반되어야 합니다. 당뇨망막병증의 발생은 혈당치보다 당뇨병을 앓았던 기간에 비례하는 것으로 알려져 있습니다. 그러나 많은 연구에서 혈당을 엄격하게 조절할 경우 당뇨망막병증의 발생을 예방하거나 지연시킬 수 있고, 그 정도도 감소시킬 수 있다는 것이 밝혀졌습니다. 또한 당뇨병의 초기에 혈당을 조절하는 것이 당뇨망막병증의 빈도를 줄이는 데 가장 효과적입니다.
당뇨병 환자는 혈청 지질이 증가된 경우가 많습니다. 이러한 지질 이상은 혈관 내피세포의 손상을 조장하여 당뇨망막병증의 미세혈관 변화를 악화시킬 수 있습니다. 따라서 반드시 혈청 지질을 조절해야 합니다. 또한 혈압을 조절하거나 흡연을 하는 경우에는 금연을 하는 것이 좋습니다.
일단 발생한 망막병증, 특히 증식성 망막병증에 대해서는 레이저 광선을 이용한 \'광응고 요법\'을 시행할 수 있습니다. 적절한 시기에 이를 잘 치료하면 실명 확률을 현저히 낮출 수 있습니다. 한편 초자체의 출혈이나 망막의 박리 등으로 시력이 더욱 저하된 경우에는 초자체 제거술과 같은 외과적 수술을 고려할 수 있습니다. 광응고 요법의 부작용으로는 치료 시 통증, 각막 미란, 일시적인 안압 상승, 시야 장애, 조기 시력 저하, 황반 부종, 황반 응고, 맥락막 박리, 맥락막 출혈, 삼출 망막 박리, 견인 망막 박리 증가, 유리체 출혈 등을 들 수 있습니다."
당뇨망막병증의 경과를 추적하는데 어떤 주기로 안과검사를 받아야 하나요?,"당뇨망막병증의 경과: 제1형 당뇨병을 처음으로 진단받은 경우, 보통 첫 5년간은 당뇨망막병증이 없으므로 초기 안과검사는 당뇨병 진단 5년 이내에 받으면 됩니다. 제2형 당뇨병의 경우에는 정확한 발병 시기와 유병 기간을 알 수 없으며, 당뇨병을 처음 진단받을 때에 이미 당뇨망막병증이 동반될 수 있으므로 처음 당뇨병 진단을 받을 때 반드시 안과검사가 필요하고 이상이 없더라도 적어도 1년에 한 번 이상 안과검사를 받는 것이 좋습니다.
당뇨망막병증이 진행된 경우에는 정도에 따라 추적 관찰 간격이 결정됩니다. 임신 중에는 당뇨망막병증이 더 악화되므로, 최소한 3개월에 한 번 정도 안저검사를 받아야 하며, 당뇨망막병증의 상태에 따라 더 자주 경과를 관찰해야 합니다."
당뇨망막병증이 동반될 수 있는 경우에도 안과검사를 받아야 하는 이유는 무엇인가요?,"당뇨망막병증의 경과: 제1형 당뇨병을 처음으로 진단받은 경우, 보통 첫 5년간은 당뇨망막병증이 없으므로 초기 안과검사는 당뇨병 진단 5년 이내에 받으면 됩니다. 제2형 당뇨병의 경우에는 정확한 발병 시기와 유병 기간을 알 수 없으며, 당뇨병을 처음 진단받을 때에 이미 당뇨망막병증이 동반될 수 있으므로 처음 당뇨병 진단을 받을 때 반드시 안과검사가 필요하고 이상이 없더라도 적어도 1년에 한 번 이상 안과검사를 받는 것이 좋습니다.
당뇨망막병증이 진행된 경우에는 정도에 따라 추적 관찰 간격이 결정됩니다. 임신 중에는 당뇨망막병증이 더 악화되므로, 최소한 3개월에 한 번 정도 안저검사를 받아야 하며, 당뇨망막병증의 상태에 따라 더 자주 경과를 관찰해야 합니다."
당뇨망막병증을 앓고 있을 때 시력이 정상일 수도 있는 이유는 무엇인가요?,당뇨망막병증의 주의사항: 증식성 당뇨망막병증을 앓는 환자라도 중심 망막(황반)에 장애가 없으면 시력이 정상일 수 있습니다. 그러나 이와 같은 상태로도 주변에 증식 병변이 있다면 언제라도 출혈이나 견인 망막 박리로 인해 치명적인 시력 손실이 발생할 수 있습니다. 이 경우 레이저 치료를 받아 위험을 줄여야 합니다.
언제라도 출혈이나 견인 망막 박리로 인해 시력 손실이 발생할 수 있는 상황은 어떤 경우인가요?,당뇨망막병증의 주의사항: 증식성 당뇨망막병증을 앓는 환자라도 중심 망막(황반)에 장애가 없으면 시력이 정상일 수 있습니다. 그러나 이와 같은 상태로도 주변에 증식 병변이 있다면 언제라도 출혈이나 견인 망막 박리로 인해 치명적인 시력 손실이 발생할 수 있습니다. 이 경우 레이저 치료를 받아 위험을 줄여야 합니다.
당뇨병이 유방내분비질환에 속한다는 것은 어떤 의미인가요?,당뇨병의 카테고리: 유방내분비질환
유방내분비질환과 당뇨병 간의 연관성은 어떻게 설명할 수 있을까요?,당뇨병의 카테고리: 유방내분비질환
What is the English name for the disease diabetes?,당뇨병의 질환 영문명: Diabetes mellitus
당뇨병의 주요 증상은 무엇인가요?,"당뇨병의 증상: 고혈당,  소양감,  체중감소,  피로감,  시야장애,  다뇨,  저림,  다음,  다식"
당뇨병과 관련된 질환 중에서 어떤 것이 가장 흔하게 발생하나요?,"당뇨병의 관련 질환: 인슐린 의존성 당뇨병,  인슐린 비의존성 당뇨병,  당뇨망막병증,  당뇨병성 족부 질환,  비만,  임신성 당뇨병,  당뇨병성 말초신경병증"
당뇨병성 말초신경병증은 어떤 증상을 보이나요?,"당뇨병의 관련 질환: 인슐린 의존성 당뇨병,  인슐린 비의존성 당뇨병,  당뇨망막병증,  당뇨병성 족부 질환,  비만,  임신성 당뇨병,  당뇨병성 말초신경병증"
당뇨병과 관련된 질환 중에서 인슐린 의존성 당뇨병과 인슐린 비의존성 당뇨병은 어떻게 다른가요?,"당뇨병의 관련 질환: 인슐린 의존성 당뇨병,  인슐린 비의존성 당뇨병,  당뇨망막병증,  당뇨병성 족부 질환,  비만,  임신성 당뇨병,  당뇨병성 말초신경병증"
당뇨병을 진료하는 가정의학과 의사는 어떤 역할을 하나요?,"당뇨병의 진료과: 가정의학과, 내분비내과, 노년내과, 신ㆍ췌장이식외과"
당뇨병을 진료하는 내분비내과 의사는 어떤 절차를 통해 진단을 내리나요?,"당뇨병의 진료과: 가정의학과, 내분비내과, 노년내과, 신ㆍ췌장이식외과"
당뇨병을 진료하는 노년내과 의사는 어떤 점을 주의 깊게 살펴볼까요?,"당뇨병의 진료과: 가정의학과, 내분비내과, 노년내과, 신ㆍ췌장이식외과"
당뇨병을 진료하는 신ㆍ췌장이식외과 의사는 어떤 특별한 치료를 시행할 수 있나요?,"당뇨병의 진료과: 가정의학과, 내분비내과, 노년내과, 신ㆍ췌장이식외과"
당뇨병과 당뇨는 같은 의미인가요?,당뇨병의 동의어: 당뇨
당뇨병은 왜 소변으로 포도당이 배출되는 병이라고 불리는가요?,"당뇨병의 정의: 당뇨병은 소변으로 포도당이 배출된다고 하여 이름 붙여진 병입니다. 정상인의 경우 소변으로 당이 넘쳐나지 않을 정도로 혈당이 조절됩니다. 여기에는 췌장에서 분비되는 \'인슐린\'이라는 호르몬이 중요한 작용을 합니다. 이러한 인슐린이 모자라거나 제대로 일을 못 하는 상태가 되면 혈당이 상승하며, 이로 인해 혈당이 지속적으로 높은 상태가 됩니다. 이러한 상태를 당뇨병이라고 합니다. 우리나라의 당뇨병 유병률은 경제가 발전하고 생활 양식이 서구화됨에 따라 증가하는 추세입니다."
당뇨병이 유전적 요인과 환경적 요인 중 어느 쪽이 더 큰 영향을 미치나요?,"당뇨병의 원인: 당뇨병의 발생에는 유전과 환경이 중요한 역할을 합니다. 즉, 당뇨병은 이것에 걸리기 쉬운 유전적 체질을 부모로부터 물려받은 사람이 당뇨병을 유발하기 쉬운 환경에 노출될 때 발생할 수 있습니다. 하지만 현재까지 당뇨병을 일으키는 유전자의 이상을 찾을 수 있는 경우는 전체 당뇨병의 1% 미만에 불과합니다. 대부분의 당뇨병에서는 원인 유전자가 명확히 밝혀지지 않았습니다.
당뇨병을 유발할 수 있는 환경 인자로는 고령, 비만, 스트레스, 임신, 감염, 약물(스테로이드제제, 면역억제제, 이뇨제) 등이 있습니다. 환경 인자는 유전 인자와는 달리 본인의 노력으로 어느 정도 피할 수 있습니다. 최근 들어 당뇨병이 급증하는 이유는 유전적인 원인보다는 과도한 음식물 섭취와 운동량 감소로 인한 비만증의 증가 때문으로 여겨집니다. 단것을 많이 먹는다고 당뇨병이 생기지는 않지만, 단것을 많이 먹으면 체중이 늘어날 수 있으며, 비만증이 생기면 당뇨병이 생길 위험성이 증가합니다."
당뇨병을 유발할 수 있는 환경 인자 중에서 어떤 것들이 있나요?,"당뇨병의 원인: 당뇨병의 발생에는 유전과 환경이 중요한 역할을 합니다. 즉, 당뇨병은 이것에 걸리기 쉬운 유전적 체질을 부모로부터 물려받은 사람이 당뇨병을 유발하기 쉬운 환경에 노출될 때 발생할 수 있습니다. 하지만 현재까지 당뇨병을 일으키는 유전자의 이상을 찾을 수 있는 경우는 전체 당뇨병의 1% 미만에 불과합니다. 대부분의 당뇨병에서는 원인 유전자가 명확히 밝혀지지 않았습니다.
당뇨병을 유발할 수 있는 환경 인자로는 고령, 비만, 스트레스, 임신, 감염, 약물(스테로이드제제, 면역억제제, 이뇨제) 등이 있습니다. 환경 인자는 유전 인자와는 달리 본인의 노력으로 어느 정도 피할 수 있습니다. 최근 들어 당뇨병이 급증하는 이유는 유전적인 원인보다는 과도한 음식물 섭취와 운동량 감소로 인한 비만증의 증가 때문으로 여겨집니다. 단것을 많이 먹는다고 당뇨병이 생기지는 않지만, 단것을 많이 먹으면 체중이 늘어날 수 있으며, 비만증이 생기면 당뇨병이 생길 위험성이 증가합니다."
당뇨병에 걸리면 어떤 증상이 나타나나요?,"당뇨병의 구체적 증상: 당뇨병에 걸리면 소변으로 포도당이 빠져나가는데, 이때 수분을 같이 끌고 나가기 때문에 소변량이 늘어납니다. 그 결과 몸 안에 수분이 부족하여 심한 갈증을 느끼게 됩니다. 또한 영양분이 몸에서 이용되지 않고 빠져나가므로 피로감을 잘 느낍니다. 또한 잘 먹는데도 불구하고 체중이 감소합니다. 
당뇨병의 가장 대표적인 증상을 ‘삼다(三多)’라고 부릅니다. 즉, 다음(多飮, 물을 많이 마심), 다뇨(多尿, 소변을 많이 봄), 다식(多食, 많이 먹음)을 말합니다. 그 외 당뇨병의 증상으로는 눈 침침함, 손발 저림, 여성의 경우 질 소양증 등이 나타날 수 있습니다. 하지만 혈당이 많이 높지 않은 경우에는 대부분 특별한 증상을 느끼지 못합니다."
당뇨병 환자는 왜 갈증을 느끼게 되나요?,"당뇨병의 구체적 증상: 당뇨병에 걸리면 소변으로 포도당이 빠져나가는데, 이때 수분을 같이 끌고 나가기 때문에 소변량이 늘어납니다. 그 결과 몸 안에 수분이 부족하여 심한 갈증을 느끼게 됩니다. 또한 영양분이 몸에서 이용되지 않고 빠져나가므로 피로감을 잘 느낍니다. 또한 잘 먹는데도 불구하고 체중이 감소합니다. 
당뇨병의 가장 대표적인 증상을 ‘삼다(三多)’라고 부릅니다. 즉, 다음(多飮, 물을 많이 마심), 다뇨(多尿, 소변을 많이 봄), 다식(多食, 많이 먹음)을 말합니다. 그 외 당뇨병의 증상으로는 눈 침침함, 손발 저림, 여성의 경우 질 소양증 등이 나타날 수 있습니다. 하지만 혈당이 많이 높지 않은 경우에는 대부분 특별한 증상을 느끼지 못합니다."
당뇨병을 진단하는 주요한 방법은 무엇인가요?,"당뇨병의 진단: 당뇨병은 혈당을 측정하여 진단합니다. 이때 혈당 검사란 손가락 끝에서 채혈을 하는 전혈 포도당 검사가 아니라, 정맥혈을 채취하여 피떡을 가라앉히고 상층의 맑은 혈장 성분만을 분리하여 포도당 농도를 측정하는 검사입니다. 과거에 많이 시행하던 요당 검사는 당뇨병이 있어도 음성으로 나올 수 있고, 당뇨병이 아니더라도 양성으로 나올 수 있으므로 진단 검사로는 부적합합니다.
현재 가장 널리 사용되고 있는 당뇨병의 진단 기준은 1997년에 \'당뇨병의 진단 기준 및 분류에 관한 전문위원회\'에서 제시한 것으로, 다음과 같습니다.
① 당뇨병의 특징적인 증상인 물을 많이 먹고 소변을 많이 보는 증상이 나타남. 다른 특별한 원인으로 설명할 수 없는 체중 감소가 나타남. 식사 시간과 관계없이 측정한 혈당이 200mg/dL 이상임.
② 8시간 동안 열량 섭취가 없는 공복 상태에서 측정한 공복 혈당이 126mg/dL 이상
③ 경구 당부하 검사에서 75mg의 포도당을 섭취한 뒤 측정한 2시간째 혈당이 200mg/dL 이상
위의 세 가지 조건 중 어느 한 조건만 만족하면 당뇨병으로 진단할 수 있습니다. 그러나 명백한 고혈당 증상이나 급성 대사 이상이 있는 경우를 제외하고는 다른 날에 반복 검사를 시행하여 두 번 이상 진단 기준을 만족할 때 당뇨병으로 진단합니다."
당뇨병 진단을 위해 반복 검사를 시행해야 하는 이유는 무엇인가요?,"당뇨병의 진단: 당뇨병은 혈당을 측정하여 진단합니다. 이때 혈당 검사란 손가락 끝에서 채혈을 하는 전혈 포도당 검사가 아니라, 정맥혈을 채취하여 피떡을 가라앉히고 상층의 맑은 혈장 성분만을 분리하여 포도당 농도를 측정하는 검사입니다. 과거에 많이 시행하던 요당 검사는 당뇨병이 있어도 음성으로 나올 수 있고, 당뇨병이 아니더라도 양성으로 나올 수 있으므로 진단 검사로는 부적합합니다.
현재 가장 널리 사용되고 있는 당뇨병의 진단 기준은 1997년에 \'당뇨병의 진단 기준 및 분류에 관한 전문위원회\'에서 제시한 것으로, 다음과 같습니다.
① 당뇨병의 특징적인 증상인 물을 많이 먹고 소변을 많이 보는 증상이 나타남. 다른 특별한 원인으로 설명할 수 없는 체중 감소가 나타남. 식사 시간과 관계없이 측정한 혈당이 200mg/dL 이상임.
② 8시간 동안 열량 섭취가 없는 공복 상태에서 측정한 공복 혈당이 126mg/dL 이상
③ 경구 당부하 검사에서 75mg의 포도당을 섭취한 뒤 측정한 2시간째 혈당이 200mg/dL 이상
위의 세 가지 조건 중 어느 한 조건만 만족하면 당뇨병으로 진단할 수 있습니다. 그러나 명백한 고혈당 증상이나 급성 대사 이상이 있는 경우를 제외하고는 다른 날에 반복 검사를 시행하여 두 번 이상 진단 기준을 만족할 때 당뇨병으로 진단합니다."
당뇨병의 치료에는 어떤 방법들이 있나요?,"당뇨병의 치료: 당뇨병의 치료 방법으로는 식사 요법, 운동 요법, 약물 치료가 있습니다. 가벼운 당뇨병은 식사 요법과 운동 요법만으로도 효과적으로 치료할 수 있습니다. 식사 요법과 운동 요법만으로 만족할 만한 혈당 조절이 이루어지지 않을 때 약물 요법을 추가합니다. 하지만 약물 요법을 받는 중에도 반드시 식사 요법과 운동 요법을 병행해야 합니다. 약물 요법에는 경구 혈당강하제와 인슐린 주사가 있는데, 당뇨병의 종류, 환자의 상태, 합병증의 유무에 따라 치료 약물을 선택합니다.
수년에 걸쳐 혈당이 상승할 경우 혈관에 염증이 생기며 심해지면 막힐 수 있습니다. 한편 혈당이 갑자기 심하게 상승하면 무기력, 의식 저하, 더 심하면 사망에 이를 수도 있습니다. 따라서 당뇨병 치료의 목적은 혈당을 정상치에 가깝게 유지하여 고혈당으로 인한 혈관 손상을 방지하고, 당뇨병을 가지고도 건강하게 살도록 하는 것입니다."
어떤 경우에 약물 요법이 필요한가요?,"당뇨병의 치료: 당뇨병의 치료 방법으로는 식사 요법, 운동 요법, 약물 치료가 있습니다. 가벼운 당뇨병은 식사 요법과 운동 요법만으로도 효과적으로 치료할 수 있습니다. 식사 요법과 운동 요법만으로 만족할 만한 혈당 조절이 이루어지지 않을 때 약물 요법을 추가합니다. 하지만 약물 요법을 받는 중에도 반드시 식사 요법과 운동 요법을 병행해야 합니다. 약물 요법에는 경구 혈당강하제와 인슐린 주사가 있는데, 당뇨병의 종류, 환자의 상태, 합병증의 유무에 따라 치료 약물을 선택합니다.
수년에 걸쳐 혈당이 상승할 경우 혈관에 염증이 생기며 심해지면 막힐 수 있습니다. 한편 혈당이 갑자기 심하게 상승하면 무기력, 의식 저하, 더 심하면 사망에 이를 수도 있습니다. 따라서 당뇨병 치료의 목적은 혈당을 정상치에 가깝게 유지하여 고혈당으로 인한 혈관 손상을 방지하고, 당뇨병을 가지고도 건강하게 살도록 하는 것입니다."
당뇨병의 경과에 어떤 합병증이 포함되어 있나요?,"당뇨병의 경과: 당뇨병의 합병증에는 급성 대사성 합병증과 만성 합병증이 있습니다. 급성 대사성 합병증은 혈당이 너무 올라가거나 떨어져서 발생하는데, 적절한 조처를 취하지 않으면 의식 이상이 발생합니다. 적절한 치료를 받지 않을 경우 생명을 위협할 수 있습니다.
만성 합병증은 당뇨병이 오래 지속되어 큰 혈관과 작은 혈관에 변화가 일어나서 이것들이 좁아지거나 막히면서 생깁니다. 큰 혈관의 합병증을 동맥경화증이라 부르는데, 흔히 심장, 뇌, 하지에 혈액을 공급하는 혈관에 생깁니다. 작은 혈관의 합병증은 주로 망막(눈의 일부분), 신장, 신경에 문제를 일으켜서 시력 상실, 만성 신부전, 상하지의 감각 저하 및 통증 등을 유발할 수 있습니다.
최근 여러 대규모의 연구를 통하여 혈당을 철저히 조절하면 소혈관에서 발생하는 당뇨병의 합병증, 즉 망막, 신장, 신경의 합병증을 예방하거나 진행을 막을 수 있음이 증명되었습니다. 그러나 심장혈관이나 뇌혈관에서 발생하는 대혈관 합병증은 혈당 조절만으로는 예방 효과가 적습니다. 혈당 조절과 더불어 혈압, 고지혈증의 조절이 중요합니다."
당뇨병의 망막 합병증은 어떠한 증상을 유발할 수 있나요?,"당뇨병의 경과: 당뇨병의 합병증에는 급성 대사성 합병증과 만성 합병증이 있습니다. 급성 대사성 합병증은 혈당이 너무 올라가거나 떨어져서 발생하는데, 적절한 조처를 취하지 않으면 의식 이상이 발생합니다. 적절한 치료를 받지 않을 경우 생명을 위협할 수 있습니다.
만성 합병증은 당뇨병이 오래 지속되어 큰 혈관과 작은 혈관에 변화가 일어나서 이것들이 좁아지거나 막히면서 생깁니다. 큰 혈관의 합병증을 동맥경화증이라 부르는데, 흔히 심장, 뇌, 하지에 혈액을 공급하는 혈관에 생깁니다. 작은 혈관의 합병증은 주로 망막(눈의 일부분), 신장, 신경에 문제를 일으켜서 시력 상실, 만성 신부전, 상하지의 감각 저하 및 통증 등을 유발할 수 있습니다.
최근 여러 대규모의 연구를 통하여 혈당을 철저히 조절하면 소혈관에서 발생하는 당뇨병의 합병증, 즉 망막, 신장, 신경의 합병증을 예방하거나 진행을 막을 수 있음이 증명되었습니다. 그러나 심장혈관이나 뇌혈관에서 발생하는 대혈관 합병증은 혈당 조절만으로는 예방 효과가 적습니다. 혈당 조절과 더불어 혈압, 고지혈증의 조절이 중요합니다."
당뇨병을 예방하기 위해 어떤 환경 인자를 피해야 하나요?,"당뇨병의 주의사항: 당뇨병을 예방하기 위해서는 일단 당뇨병을 유발할 수 있는 환경 인자인 비만, 좌식 생활, 고지방 식사, 스트레스, 음주 등을 피하는 것이 최선입니다. 특히 가족 중에 당뇨병 환자가 있는 사람은 비만증이 생기지 않도록 식사량을 적절히 조절하고, 운동을 규칙적으로 해야 합니다.
또한 무증상기의 당뇨병을 조기에 진단하기 위해서 다음에 해당하는 사람들은 매년 혈당 검사를 받을 것을 권장하고 있습니다.
① 45세 이상의 모든 성인
② 45세 미만이라도 과체중이거나 비만이면서 아래와 같은 위험 요인이 있는 경우
- 부모, 형제, 자식 중에 당뇨병 환자가 있는 사람
- 고혈압(혈압 140/90mmHg 이상)이 있거나 항고혈압 약물을 복용 중인 사람
- 이상지혈증을 가지고 있는 사람(HDL 콜레스테롤 35mg/dl 이하 또는 중성지방 250mg/dl 이상)
- 과거 내당능 장애 또는 공복 혈당 장애가 있었던 사람
- 임신성 당뇨병으로 진단받은 적이 있거나 4kg 이상의 거대아를 출산한 적이 있는 사람
- 심혈관 질환(뇌졸중, 관상동맥 질환, 말초혈관 질환)을 경험한 사람
- 평소에 운동을 하지 않는 사람"
당뇨병을 조기에 진단하기 위해 어떤 사람들이 매년 혈당 검사를 받아야 하나요?,"당뇨병의 주의사항: 당뇨병을 예방하기 위해서는 일단 당뇨병을 유발할 수 있는 환경 인자인 비만, 좌식 생활, 고지방 식사, 스트레스, 음주 등을 피하는 것이 최선입니다. 특히 가족 중에 당뇨병 환자가 있는 사람은 비만증이 생기지 않도록 식사량을 적절히 조절하고, 운동을 규칙적으로 해야 합니다.
또한 무증상기의 당뇨병을 조기에 진단하기 위해서 다음에 해당하는 사람들은 매년 혈당 검사를 받을 것을 권장하고 있습니다.
① 45세 이상의 모든 성인
② 45세 미만이라도 과체중이거나 비만이면서 아래와 같은 위험 요인이 있는 경우
- 부모, 형제, 자식 중에 당뇨병 환자가 있는 사람
- 고혈압(혈압 140/90mmHg 이상)이 있거나 항고혈압 약물을 복용 중인 사람
- 이상지혈증을 가지고 있는 사람(HDL 콜레스테롤 35mg/dl 이하 또는 중성지방 250mg/dl 이상)
- 과거 내당능 장애 또는 공복 혈당 장애가 있었던 사람
- 임신성 당뇨병으로 진단받은 적이 있거나 4kg 이상의 거대아를 출산한 적이 있는 사람
- 심혈관 질환(뇌졸중, 관상동맥 질환, 말초혈관 질환)을 경험한 사람
- 평소에 운동을 하지 않는 사람"
당뇨병 환자가 식사할 때 주의해야 할 점은 무엇인가요?,당뇨병의 식사요법: 당뇨병식
당뇨병 환자가 식사할 때 탄수화물을 어떻게 섭취해야 하나요?,당뇨병의 식사요법: 당뇨병식
당뇨병성 말초신경병증이 유방내분비질환에 속하는 이유는 무엇인가요?,당뇨병성 말초신경병증의 카테고리: 유방내분비질환
당뇨병성 말초신경병증이란 무엇인가요?,당뇨병성 말초신경병증
What is the English name for diabetic polyneuropathy?,당뇨병성 말초신경병증의 질환 영문명: Diabetic polyneuropathy
당뇨병성 말초신경병증의 주요 증상은 무엇인가요?,"당뇨병성 말초신경병증의 증상: 무감각,  손, 발 감각 저하,  말초 통증,  말초 신경장애,  저림"
당뇨병성 말초신경병증은 어떤 질환들과 관련이 있나요?,"당뇨병성 말초신경병증의 관련 질환: 인슐린 의존성 당뇨병,  인슐린 비의존성 당뇨병,  당뇨망막병증,  당뇨병,  당뇨병성 족부 질환"
당뇨병성 말초신경병증을 진료받을 때 확인해야 하는 주요 증상은 무엇인가요?,당뇨병성 말초신경병증의 진료과: 내분비내과
당뇨병성 말초신경병증을 진료받을 때 어떠한 진단 검사가 필요한가요?,당뇨병성 말초신경병증의 진료과: 내분비내과
당뇨병성 말초신경병증의 다른 말로 무엇이 있나요?,"당뇨병성 말초신경병증의 동의어: 당뇨병성신경병증,당뇨성말초신경병증,당뇨성신경병증"
당뇨병성 말초신경병증은 어떤 질환인가요?,"당뇨병성 말초신경병증의 정의: 당뇨병성 말초신경병증은 당뇨병의 합병증 중 하나로, 당뇨병을 오래 앓으면서 신경이 손상되어 여러 가지 문제를 일으키는 질환입니다. 모든 신경계에 나타날 수 있지만, 주로 말초신경계에 많이 나타납니다. 당뇨병성 말초신경병증은 일상생활에 많은 불편을 끼치고, 나아가 심한 장애를 남기기 때문에 시급히 치료해야 합니다."
당뇨병성 말초신경병증의 원인은 무엇인가요?,"당뇨병성 말초신경병증의 원인: 경구 혈당강하제를 꾸준히 복용했더라도 혈당이 얼마나 잘 조절되었느냐에 따라, 혹은 당뇨병이 얼마나 오래되었느냐에 따라 당뇨병성 말초신경병증이 생길 수 있습니다. 혈당이 높으면 신경섬유가 손상을 받아 당뇨병성 말초신경병증이 생깁니다."
당뇨병성 말초신경병증의 구체적 증상은 무엇인가요?,"당뇨병성 말초신경병증의 구체적 증상: 말초신경병증의 뚜렷한 증상은 발이 저린 증상, 감각 이상, 무감각, 심한 통증입니다. 화끈거리고 저린 증상이 느껴지며, 부드러운 것이 닿았을 때도 통증이 느껴집니다. 보통 밤에 증상이 더 심해집니다. 통증이 극심해 참기 힘들기도 하지만, 아예 통증이 없는 경우도 있습니다."
당뇨병성 말초신경병증의 진단은 어떻게 이루어지나요?,"당뇨병성 말초신경병증의 진단: 당뇨병성 말초신경병증은 당뇨병 환자에게 흔하게 나타나는 합병증입니다.
검사 방법은 다음과 같습니다.
① 말초신경과 자율신경 손상 여부를 확인하기 위한 말초신경 감각 검사와 자율신경 검사
② 다리 혈관의 동맥경화 유무를 조기 진단할 수 있는 하지 혈류 검사
③ 이 밖에 신장 기능을 확인하는 검사와 지질 검사(총콜레스테롤, 좋은 콜레스테롤, 나쁜 콜레스테롤, 중성지방), 혈압, 심전도 등의 검사"
당뇨병성 말초신경병증의 치료는 무엇을 중점적으로 해야 하나요?,"당뇨병성 말초신경병증의 치료: 당뇨병성 말초신경병증은 고혈당에 의해 발생합니다. 따라서 근본적인 치료 방법은 혈당을 정상 범위로 내리고 그것을 유지하는 것입니다. 하지만 다발성 말초신경병증인 경우 혈당이 조절되어도 통증이 계속 나타나는 경우가 있습니다. 이 경우에는 여러 가지 약물로 통증을 조절합니다. 또한 술, 담배 등은 혈액순환을 방해하므로 피해야 합니다. 가벼운 운동이나 스트레칭을 꾸준히 하는 건강한 생활습관을 가져야 합니다."
"혈당이 조절되어도 통증이 계속 나타나는 경우, 어떤 약물로 통증을 조절할 수 있나요?","당뇨병성 말초신경병증의 치료: 당뇨병성 말초신경병증은 고혈당에 의해 발생합니다. 따라서 근본적인 치료 방법은 혈당을 정상 범위로 내리고 그것을 유지하는 것입니다. 하지만 다발성 말초신경병증인 경우 혈당이 조절되어도 통증이 계속 나타나는 경우가 있습니다. 이 경우에는 여러 가지 약물로 통증을 조절합니다. 또한 술, 담배 등은 혈액순환을 방해하므로 피해야 합니다. 가벼운 운동이나 스트레칭을 꾸준히 하는 건강한 생활습관을 가져야 합니다."
당뇨병성 말초신경병증을 치료하는데 있어서 피해야 하는 습관은 무엇인가요?,"당뇨병성 말초신경병증의 치료: 당뇨병성 말초신경병증은 고혈당에 의해 발생합니다. 따라서 근본적인 치료 방법은 혈당을 정상 범위로 내리고 그것을 유지하는 것입니다. 하지만 다발성 말초신경병증인 경우 혈당이 조절되어도 통증이 계속 나타나는 경우가 있습니다. 이 경우에는 여러 가지 약물로 통증을 조절합니다. 또한 술, 담배 등은 혈액순환을 방해하므로 피해야 합니다. 가벼운 운동이나 스트레칭을 꾸준히 하는 건강한 생활습관을 가져야 합니다."
당뇨병성 말초신경병증의 경과는 어떻게 진행되나요?,당뇨병성 말초신경병증의 경과: 당뇨병성 말초신경병증이 있으면 발에 궤양이 생기기 쉽습니다. 발의 감각이 무디어져 발의 특정 부위에 반복적인 압력이 가해져도 잘 느끼지 못합니다. 그러다 보면 특정 부위에 굳은살이 생겼다가 터지면서 궤양이 생깁니다. 
당뇨병성 말초신경병증이 발생하면 어떤 증상이 나타나나요?,당뇨병성 말초신경병증의 경과: 당뇨병성 말초신경병증이 있으면 발에 궤양이 생기기 쉽습니다. 발의 감각이 무디어져 발의 특정 부위에 반복적인 압력이 가해져도 잘 느끼지 못합니다. 그러다 보면 특정 부위에 굳은살이 생겼다가 터지면서 궤양이 생깁니다. 
당뇨병성 말초신경병증의 주의사항은 무엇인가요?,당뇨병성 말초신경병증의 주의사항: 당뇨병성 말초신경병증이 있으면 발에 궤양이 생기기 쉽습니다. 발의 감각이 무디어져 발의 특정 부위에 반복적인 압력이 가해져도 잘 느끼지 못합니다. 그러다 보면 특정 부위에 굳은살이 생겼다가 터지면서 궤양이 생깁니다. 
당뇨병성 말초신경병증이 있는 사람은 왜 발에 궤양이 생기기 쉬운가요?,당뇨병성 말초신경병증의 주의사항: 당뇨병성 말초신경병증이 있으면 발에 궤양이 생기기 쉽습니다. 발의 감각이 무디어져 발의 특정 부위에 반복적인 압력이 가해져도 잘 느끼지 못합니다. 그러다 보면 특정 부위에 굳은살이 생겼다가 터지면서 궤양이 생깁니다. 
당뇨병성 말초신경병증의 식사요법은 어떻게 구성되나요?,당뇨병성 말초신경병증의 식사요법: 당뇨병성족부병식
당뇨병성 말초신경병증 환자가 특히 주의해야 할 음식은 무엇인가요?,당뇨병성 말초신경병증의 식사요법: 당뇨병성족부병식
당뇨병성 족부 질환은 유방내분비질환의 일종인가요?,당뇨병성 족부 질환의 카테고리: 유방내분비질환
당뇨병성 족부 질환은 어떤 증상을 보이나요?,당뇨병성 족부 질환
당뇨병성 족부 질환의 진단은 어떻게 이루어지나요?,당뇨병성 족부 질환
What is the English name for diabetic foot ulcers?,당뇨병성 족부 질환의 질환 영문명: DM foot ulcer
당뇨병성 족부 질환의 증상은 어떤 것들이 있나요?,"당뇨병성 족부 질환의 증상: 피부 건조,  발가락의 변형,  피부색 변화,  피부궤양,  괴사,  저림,  감각 이상,  시림"
당뇨병성 족부 질환은 어떤 증상을 보이나요?,"당뇨병성 족부 질환의 관련 질환: 인슐린 의존성 당뇨병,  인슐린 비의존성 당뇨병,  당뇨망막병증,  당뇨병,  당뇨병성 말초신경병증"
인슐린 의존성 당뇨병과 당뇨병성 족부 질환은 어떻게 관련되어 있나요?,"당뇨병성 족부 질환의 관련 질환: 인슐린 의존성 당뇨병,  인슐린 비의존성 당뇨병,  당뇨망막병증,  당뇨병,  당뇨병성 말초신경병증"
당뇨병성 족부 질환의 관련 질환 중에서 가장 많이 발생하는 것은 무엇인가요?,"당뇨병성 족부 질환의 관련 질환: 인슐린 의존성 당뇨병,  인슐린 비의존성 당뇨병,  당뇨망막병증,  당뇨병,  당뇨병성 말초신경병증"
당뇨병성 족부 질환을 진료하는 내분비내과의 주요 역할은 무엇인가요?,"당뇨병성 족부 질환의 진료과: 내분비내과, 성형외과, 혈관외과, 정형외과"
당뇨병성 족부 질환의 치료를 위해 성형외과가 어떤 역할을 하나요?,"당뇨병성 족부 질환의 진료과: 내분비내과, 성형외과, 혈관외과, 정형외과"
당뇨병성 족부 질환은 어떤 증상을 보이나요?,"당뇨병성 족부 질환의 동의어: 당뇨발,당뇨병성 족부 궤양"
당뇨병성 족부 질환을 예방하기 위해 어떤 조치를 취해야 하나요?,"당뇨병성 족부 질환의 동의어: 당뇨발,당뇨병성 족부 궤양"
당뇨병성 족부 질환은 왜 발생하나요?,"당뇨병성 족부 질환의 동의어: 당뇨발,당뇨병성 족부 궤양"
당뇨병성 족부 질환은 어떤 증상을 보이나요?,"당뇨병성 족부 질환의 정의: 당뇨병성 족부 질환은 당뇨병을 앓는 환자의 발에 생기는 신경병, 구조적 변형, 피부 못, 피부와 조갑의 변화, 발의 궤양, 감염, 혈관 질환 등의 통칭입니다. 당뇨병성 족부 질환이 진행되면 작은 상처도 낫지 않고 궤양이 됩니다. 심한 경우 혈액 순환이 되지 않아 까맣게 썩습니다."
당뇨병성 족부 질환의 진행 과정에서 어떤 일이 일어날 수 있나요?,"당뇨병성 족부 질환의 정의: 당뇨병성 족부 질환은 당뇨병을 앓는 환자의 발에 생기는 신경병, 구조적 변형, 피부 못, 피부와 조갑의 변화, 발의 궤양, 감염, 혈관 질환 등의 통칭입니다. 당뇨병성 족부 질환이 진행되면 작은 상처도 낫지 않고 궤양이 됩니다. 심한 경우 혈액 순환이 되지 않아 까맣게 썩습니다."
당뇨병성 족부 질환의 원인은 무엇인가요?,"당뇨병성 족부 질환의 원인: 당뇨병을 앓으면 혈액 순환이 잘되지 않고 감각이 둔해지며, 세균 감염에 대한 저항력이 떨어집니다. 발에 상처가 생겨도 잘 느끼지 못하며, 치유력과 세균에 대한 저항력이 떨어져 가벼운 상처도 급속히 진행하여 궤양이나 괴저 등 심각한 합병증이 발생합니다. 심하면 절단해야 할 수 있습니다.
당뇨병을 앓은 기간이 오래된 사람, 담배를 피우는 사람, 혈당이 잘 조절되지 않는 사람의 경우 당뇨병성 족부 질환이 발생할 위험이 더욱 높습니다. 많은 당뇨발은 사소한 상처에서 비롯되므로, 환자 자신이 조금만 주의를 기울인다면 대부분 예방할 수 있습니다.
① 발톱이 파고 들어가는 상처
② 발톱을 깎다가 생기는 상처
③ 꼭 끼는 신발로 인한 물집, 굳은살
④ 뜨거운 목욕탕에서 생긴 수포"
어떤 상황에서 당뇨병성 족부 질환의 위험이 높아지나요?,"당뇨병성 족부 질환의 원인: 당뇨병을 앓으면 혈액 순환이 잘되지 않고 감각이 둔해지며, 세균 감염에 대한 저항력이 떨어집니다. 발에 상처가 생겨도 잘 느끼지 못하며, 치유력과 세균에 대한 저항력이 떨어져 가벼운 상처도 급속히 진행하여 궤양이나 괴저 등 심각한 합병증이 발생합니다. 심하면 절단해야 할 수 있습니다.
당뇨병을 앓은 기간이 오래된 사람, 담배를 피우는 사람, 혈당이 잘 조절되지 않는 사람의 경우 당뇨병성 족부 질환이 발생할 위험이 더욱 높습니다. 많은 당뇨발은 사소한 상처에서 비롯되므로, 환자 자신이 조금만 주의를 기울인다면 대부분 예방할 수 있습니다.
① 발톱이 파고 들어가는 상처
② 발톱을 깎다가 생기는 상처
③ 꼭 끼는 신발로 인한 물집, 굳은살
④ 뜨거운 목욕탕에서 생긴 수포"
어떤 종류의 상처로 인해 당뇨병성 족부 질환을 발생시킬 수 있나요?,"당뇨병성 족부 질환의 원인: 당뇨병을 앓으면 혈액 순환이 잘되지 않고 감각이 둔해지며, 세균 감염에 대한 저항력이 떨어집니다. 발에 상처가 생겨도 잘 느끼지 못하며, 치유력과 세균에 대한 저항력이 떨어져 가벼운 상처도 급속히 진행하여 궤양이나 괴저 등 심각한 합병증이 발생합니다. 심하면 절단해야 할 수 있습니다.
당뇨병을 앓은 기간이 오래된 사람, 담배를 피우는 사람, 혈당이 잘 조절되지 않는 사람의 경우 당뇨병성 족부 질환이 발생할 위험이 더욱 높습니다. 많은 당뇨발은 사소한 상처에서 비롯되므로, 환자 자신이 조금만 주의를 기울인다면 대부분 예방할 수 있습니다.
① 발톱이 파고 들어가는 상처
② 발톱을 깎다가 생기는 상처
③ 꼭 끼는 신발로 인한 물집, 굳은살
④ 뜨거운 목욕탕에서 생긴 수포"
당뇨병성 족부 질환의 구체적 증상은 무엇인가요?,"당뇨병성 족부 질환의 구체적 증상: 당뇨병성 족부 질환의 증상으로 가장 먼저 나타나는 증상은 신경 장애로 인한 이상 감각이 많습니다. 초기 증상은 발이 시리고, 저리고, 화끈화끈한 것입니다. 환자 개개인에 따라 다양한 증상을 호소합니다. 이것이 좀 더 진행되면 발에 무언가 붙어 있는 듯한 느낌이나 발을 밟을 때 모래나 구슬 위를 걷는 듯한 느낌 등과 같은 다양한 이상 감각을 호소하게 됩니다. 이러한 이상 감각과 통증으로 인해 불면증에 시달리는 경우가 많습니다.
신경이 완전히 파괴되면 발의 감각이 둔해집니다. 발에 쉽게 상처가 나고, 다치거나 고름이 잡혀도 본인은 아픈지 모릅니다. 상처가 커지고 심해져야 깨닫게 됩니다. 자주 발이 붓습니다. 피부에 땀이 나지 않아 건조해지고 갈라져서 상처가 쉽게 납니다.
운동 신경의 이상으로 인해 발가락의 작은 근육들이 마비되어 망치족이나 갈퀴족 같이 변형되어 신발이 잘 맞지 않게 되기도 하고, 굳은살이나 상처가 잘 생기기도 합니다. 자율 신경에도 이상이 생겨 발에 땀이 잘 안 나고 건조해지기도 합니다. 혈액 순환 장애로 인해 발이 시리거나 차가워지는 증상이 나타나며, 많은 경우 발가락이 갑자기 까맣게 썩습니다."
당뇨병성 족부 질환의 진단은 어떻게 이루어지나요?,"당뇨병성 족부 질환의 진단: 발의 갑작스러운 변화에 항상 주의를 기울여야 합니다. 발의 색이 붉거나 검게 변하거나, 수포, 궤양 등 사소한 변화가 생기면 병원을 찾는 것이 좋습니다. 당뇨병성 족부 질환을 정확하게 평가하기 위해서는 핀 테스트, 소리굽쇠 테스트 등의 감각 검사와 방사선 검사, 뼈 스캔 및 혈류를 평가하기 위한 피부 산소포화도 검사, 초음파 혈류 검사, 혈관 조영술 등이 필요할 수 있습니다."
당뇨병성 족부 질환의 진단을 위해 어떤 증상에 주의해야 하나요?,"당뇨병성 족부 질환의 진단: 발의 갑작스러운 변화에 항상 주의를 기울여야 합니다. 발의 색이 붉거나 검게 변하거나, 수포, 궤양 등 사소한 변화가 생기면 병원을 찾는 것이 좋습니다. 당뇨병성 족부 질환을 정확하게 평가하기 위해서는 핀 테스트, 소리굽쇠 테스트 등의 감각 검사와 방사선 검사, 뼈 스캔 및 혈류를 평가하기 위한 피부 산소포화도 검사, 초음파 혈류 검사, 혈관 조영술 등이 필요할 수 있습니다."
당뇨병성 족부 질환의 치료 방법은 무엇인가요?,"당뇨병성 족부 질환의 치료: 당뇨병성 족부 질환의 치료는 크게 보존적 치료와 수술 치료로 나뉩니다. 보존적 치료는 드레싱을 하여 육아 조직 및 혈관의 생성을 돕는 것입니다. 필요하다면, 혈관 확장제, 조직의 재생을 돕는 상피세포 성장 인자(EGF), 고압산소 치료 등을 이용하여 상처의 치유 과정을 촉진하기도 합니다. 
수술 치료로는 감염되어 죽은 조직을 수술로 제거하여, 건강한 조직으로부터 상처가 치유되도록 하는 변연 절제술이 있습니다. 또한 크고 깊은 상처 조직을 다른 부위의 살로 덮어 주는 재건 수술(피부 이식술, 국소 피판술, 유리 피판술)이 있습니다. 예전 같으면 심하게 괴사한 당뇨발을 절단했어야 하지만, 최근에는 혈관 상태에 따라 성공적으로 재건할 수 있는 경우가 있습니다. 따라서 조기에 전문의의 진료를 받는 것이 중요합니다."
당뇨병성 족부 질환의 치료 과정에서 어떤 종류의 수술이 사용될 수 있나요?,"당뇨병성 족부 질환의 치료: 당뇨병성 족부 질환의 치료는 크게 보존적 치료와 수술 치료로 나뉩니다. 보존적 치료는 드레싱을 하여 육아 조직 및 혈관의 생성을 돕는 것입니다. 필요하다면, 혈관 확장제, 조직의 재생을 돕는 상피세포 성장 인자(EGF), 고압산소 치료 등을 이용하여 상처의 치유 과정을 촉진하기도 합니다. 
수술 치료로는 감염되어 죽은 조직을 수술로 제거하여, 건강한 조직으로부터 상처가 치유되도록 하는 변연 절제술이 있습니다. 또한 크고 깊은 상처 조직을 다른 부위의 살로 덮어 주는 재건 수술(피부 이식술, 국소 피판술, 유리 피판술)이 있습니다. 예전 같으면 심하게 괴사한 당뇨발을 절단했어야 하지만, 최근에는 혈관 상태에 따라 성공적으로 재건할 수 있는 경우가 있습니다. 따라서 조기에 전문의의 진료를 받는 것이 중요합니다."
당뇨병성 족부 질환의 경과는 어떻게 진행되나요?,당뇨병성 족부 질환의 경과: 당뇨 환자의 발은 가벼운 상처도 궤양이나 괴저 등의 심각한 합병증으로 급속히 진행할 수 있습니다. 또한 발 근육이 약해지면서 모양이 바뀌고 발뼈가 부서지기도 합니다. 혈액 순환이 나빠지면서 특별한 원인 없이 발가락이 까맣게 썩을 수도 있습니다. 이를 방치하면 심각한 합병증이 발생하고 절단에 이를 수도 있습니다.
당뇨병성 족부 질환의 심각한 합병증은 어떤 것들이 있나요?,당뇨병성 족부 질환의 경과: 당뇨 환자의 발은 가벼운 상처도 궤양이나 괴저 등의 심각한 합병증으로 급속히 진행할 수 있습니다. 또한 발 근육이 약해지면서 모양이 바뀌고 발뼈가 부서지기도 합니다. 혈액 순환이 나빠지면서 특별한 원인 없이 발가락이 까맣게 썩을 수도 있습니다. 이를 방치하면 심각한 합병증이 발생하고 절단에 이를 수도 있습니다.
당뇨병성 족부 질환을 예방하기 위한 방법 중 하나는 무엇인가요?,"당뇨병성 족부 질환의 주의사항: 당뇨병성 족부 질환을 예방하기 위한 방법은 다음과 같습니다. 
① 혈당 돌보기
- 혈당을 유지할 수 있는 건강한 생활습관을 가지세요.
② 매일 발 관찰하기
- 매일 발과 발톱의 상태, 상처, 피부의 색깔을 관찰하세요.
- 허리나 시력의 문제로 발을 관찰하기 어려우면 거울을 사용하거나 가족에게 도움을 요청하세요.
③ 매일 발 씻기
- 발을 뜨겁지 않고 따뜻한 물로 씻으세요.
- 목욕이나 샤워를 하기 전에는 물이 너무 뜨겁지 않은지 온도계나 팔꿈치로 확인하세요.
- 발을 잘 말리고 발가락 사이가 젖어 있지 않도록 주의하세요.
④ 피부를 부드럽고 매끈하게 유지하기
- 발등과 발바닥에는 보습제를 바르고, 발가락 사이에는 바르지 마세요.
⑤ 발톱 손질하기
- 발을 씻고 말린 후, 발톱을 손톱깎이를 이용해 일자로 다듬으세요. 만일 발톱이 두꺼워지거나 노랗게 되면 잘라내지 말고 전문가에게 맡기세요.
⑥ 언제나 신발과 양말 신기
- 실내에서도 물건을 밟아 발을 다칠 수 있기 때문에 맨발로 다니지 마세요.
- 신발을 신을 때는 울퉁불퉁한 부위나 이음새가 없는 양말 및 스타킹을 신어서 물집이 생기지 않도록 하세요. 욕창으로 진전되지 않도록 하세요.
- 신발과 양말을 선택할 때는 발에 습기가 차지 않는 재료인지, 충격과 미끄러짐을 방지할 수 있게 만들어졌는지 확인하세요.
- 신발을 신기 전에 신발 속이 매끈한지, 자갈돌과 같은 도돌도돌한 이물질이 없는지 항상 확인하세요.
- 발에 변형이 있다면 당뇨 환자용 신발을 맞추어 신는 것이 좋습니다.
- 안감을 댄 부츠는 겨울철에 발을 따뜻하게 유지하기에 좋습니다.
⑦ 뜨겁거나 찬 것으로부터 발을 보호하기
- 바닷가나 뜨거운 포장도로에서는 항상 신발을 신으세요.
- 라디에이터나 난방기로부터 발을 멀리하세요.
- 뜨거운 물이 들어있는 병이나 열이 나는 패드를 사용하지 마세요.
- 추운 날에는 동상을 피하기 위해 발을 따뜻하게 유지하세요.
- 발이 시리다면 잠잘 때 양말을 신으세요.
⑧ 혈액 순환에 신경 쓰기
- 의자에 오래 앉아 있을 때는 발을 올려놓고, 수시로 발가락을 움직이세요.
- 발목을 위아래 좌우로 움직여 발과 다리에 혈액 순환이 잘 되도록 하세요.
- 오랫동안 다리를 꼬고 있지 마세요.
- 혈액 순환에 장애를 줄 수 있으므로 조이는 양말이나 탄력 스타킹, 다리를 조이는 가터(대님)를 피하세요.
- 담배를 피우지 마세요.
- 혈압이 높거나 콜레스테롤이 높다면 전문의와 상의하세요.
⑨ 적극적으로 운동하기
- 의사와 함께 올바른 운동 프로그램을 계획하세요.
- 적당한 운동은 좋지만, 지나치게 오래 걷기나 격하게 달리는 등 발에 무리가 되는 운동은 피하세요.
- 운동을 할 때 언제나 준비운동과 정리운동을 하세요.
- 발에 잘 맞는 보행 신발이나 운동화를 신으세요.
⑩ 의사와 관계 유지하기
- 적어도 1년에 한 번은 전문의에게 발을 검사받으세요. 심각한 문제가 있다면 즉시 알려줄 것입니다."
당뇨병성 족부 질환을 예방하기 위해 매일 발 관찰하는 이유는 무엇인가요?,"당뇨병성 족부 질환의 주의사항: 당뇨병성 족부 질환을 예방하기 위한 방법은 다음과 같습니다. 
① 혈당 돌보기
- 혈당을 유지할 수 있는 건강한 생활습관을 가지세요.
② 매일 발 관찰하기
- 매일 발과 발톱의 상태, 상처, 피부의 색깔을 관찰하세요.
- 허리나 시력의 문제로 발을 관찰하기 어려우면 거울을 사용하거나 가족에게 도움을 요청하세요.
③ 매일 발 씻기
- 발을 뜨겁지 않고 따뜻한 물로 씻으세요.
- 목욕이나 샤워를 하기 전에는 물이 너무 뜨겁지 않은지 온도계나 팔꿈치로 확인하세요.
- 발을 잘 말리고 발가락 사이가 젖어 있지 않도록 주의하세요.
④ 피부를 부드럽고 매끈하게 유지하기
- 발등과 발바닥에는 보습제를 바르고, 발가락 사이에는 바르지 마세요.
⑤ 발톱 손질하기
- 발을 씻고 말린 후, 발톱을 손톱깎이를 이용해 일자로 다듬으세요. 만일 발톱이 두꺼워지거나 노랗게 되면 잘라내지 말고 전문가에게 맡기세요.
⑥ 언제나 신발과 양말 신기
- 실내에서도 물건을 밟아 발을 다칠 수 있기 때문에 맨발로 다니지 마세요.
- 신발을 신을 때는 울퉁불퉁한 부위나 이음새가 없는 양말 및 스타킹을 신어서 물집이 생기지 않도록 하세요. 욕창으로 진전되지 않도록 하세요.
- 신발과 양말을 선택할 때는 발에 습기가 차지 않는 재료인지, 충격과 미끄러짐을 방지할 수 있게 만들어졌는지 확인하세요.
- 신발을 신기 전에 신발 속이 매끈한지, 자갈돌과 같은 도돌도돌한 이물질이 없는지 항상 확인하세요.
- 발에 변형이 있다면 당뇨 환자용 신발을 맞추어 신는 것이 좋습니다.
- 안감을 댄 부츠는 겨울철에 발을 따뜻하게 유지하기에 좋습니다.
⑦ 뜨겁거나 찬 것으로부터 발을 보호하기
- 바닷가나 뜨거운 포장도로에서는 항상 신발을 신으세요.
- 라디에이터나 난방기로부터 발을 멀리하세요.
- 뜨거운 물이 들어있는 병이나 열이 나는 패드를 사용하지 마세요.
- 추운 날에는 동상을 피하기 위해 발을 따뜻하게 유지하세요.
- 발이 시리다면 잠잘 때 양말을 신으세요.
⑧ 혈액 순환에 신경 쓰기
- 의자에 오래 앉아 있을 때는 발을 올려놓고, 수시로 발가락을 움직이세요.
- 발목을 위아래 좌우로 움직여 발과 다리에 혈액 순환이 잘 되도록 하세요.
- 오랫동안 다리를 꼬고 있지 마세요.
- 혈액 순환에 장애를 줄 수 있으므로 조이는 양말이나 탄력 스타킹, 다리를 조이는 가터(대님)를 피하세요.
- 담배를 피우지 마세요.
- 혈압이 높거나 콜레스테롤이 높다면 전문의와 상의하세요.
⑨ 적극적으로 운동하기
- 의사와 함께 올바른 운동 프로그램을 계획하세요.
- 적당한 운동은 좋지만, 지나치게 오래 걷기나 격하게 달리는 등 발에 무리가 되는 운동은 피하세요.
- 운동을 할 때 언제나 준비운동과 정리운동을 하세요.
- 발에 잘 맞는 보행 신발이나 운동화를 신으세요.
⑩ 의사와 관계 유지하기
- 적어도 1년에 한 번은 전문의에게 발을 검사받으세요. 심각한 문제가 있다면 즉시 알려줄 것입니다."
당뇨병성 족부 질환을 예방하기 위해 매일 발 씻는 방법에 대해 설명해주세요.,"당뇨병성 족부 질환의 주의사항: 당뇨병성 족부 질환을 예방하기 위한 방법은 다음과 같습니다. 
① 혈당 돌보기
- 혈당을 유지할 수 있는 건강한 생활습관을 가지세요.
② 매일 발 관찰하기
- 매일 발과 발톱의 상태, 상처, 피부의 색깔을 관찰하세요.
- 허리나 시력의 문제로 발을 관찰하기 어려우면 거울을 사용하거나 가족에게 도움을 요청하세요.
③ 매일 발 씻기
- 발을 뜨겁지 않고 따뜻한 물로 씻으세요.
- 목욕이나 샤워를 하기 전에는 물이 너무 뜨겁지 않은지 온도계나 팔꿈치로 확인하세요.
- 발을 잘 말리고 발가락 사이가 젖어 있지 않도록 주의하세요.
④ 피부를 부드럽고 매끈하게 유지하기
- 발등과 발바닥에는 보습제를 바르고, 발가락 사이에는 바르지 마세요.
⑤ 발톱 손질하기
- 발을 씻고 말린 후, 발톱을 손톱깎이를 이용해 일자로 다듬으세요. 만일 발톱이 두꺼워지거나 노랗게 되면 잘라내지 말고 전문가에게 맡기세요.
⑥ 언제나 신발과 양말 신기
- 실내에서도 물건을 밟아 발을 다칠 수 있기 때문에 맨발로 다니지 마세요.
- 신발을 신을 때는 울퉁불퉁한 부위나 이음새가 없는 양말 및 스타킹을 신어서 물집이 생기지 않도록 하세요. 욕창으로 진전되지 않도록 하세요.
- 신발과 양말을 선택할 때는 발에 습기가 차지 않는 재료인지, 충격과 미끄러짐을 방지할 수 있게 만들어졌는지 확인하세요.
- 신발을 신기 전에 신발 속이 매끈한지, 자갈돌과 같은 도돌도돌한 이물질이 없는지 항상 확인하세요.
- 발에 변형이 있다면 당뇨 환자용 신발을 맞추어 신는 것이 좋습니다.
- 안감을 댄 부츠는 겨울철에 발을 따뜻하게 유지하기에 좋습니다.
⑦ 뜨겁거나 찬 것으로부터 발을 보호하기
- 바닷가나 뜨거운 포장도로에서는 항상 신발을 신으세요.
- 라디에이터나 난방기로부터 발을 멀리하세요.
- 뜨거운 물이 들어있는 병이나 열이 나는 패드를 사용하지 마세요.
- 추운 날에는 동상을 피하기 위해 발을 따뜻하게 유지하세요.
- 발이 시리다면 잠잘 때 양말을 신으세요.
⑧ 혈액 순환에 신경 쓰기
- 의자에 오래 앉아 있을 때는 발을 올려놓고, 수시로 발가락을 움직이세요.
- 발목을 위아래 좌우로 움직여 발과 다리에 혈액 순환이 잘 되도록 하세요.
- 오랫동안 다리를 꼬고 있지 마세요.
- 혈액 순환에 장애를 줄 수 있으므로 조이는 양말이나 탄력 스타킹, 다리를 조이는 가터(대님)를 피하세요.
- 담배를 피우지 마세요.
- 혈압이 높거나 콜레스테롤이 높다면 전문의와 상의하세요.
⑨ 적극적으로 운동하기
- 의사와 함께 올바른 운동 프로그램을 계획하세요.
- 적당한 운동은 좋지만, 지나치게 오래 걷기나 격하게 달리는 등 발에 무리가 되는 운동은 피하세요.
- 운동을 할 때 언제나 준비운동과 정리운동을 하세요.
- 발에 잘 맞는 보행 신발이나 운동화를 신으세요.
⑩ 의사와 관계 유지하기
- 적어도 1년에 한 번은 전문의에게 발을 검사받으세요. 심각한 문제가 있다면 즉시 알려줄 것입니다."
당뇨병성 족부 질환을 예방하기 위해 발톱을 손질하는 방법은 무엇인가요?,"당뇨병성 족부 질환의 주의사항: 당뇨병성 족부 질환을 예방하기 위한 방법은 다음과 같습니다. 
① 혈당 돌보기
- 혈당을 유지할 수 있는 건강한 생활습관을 가지세요.
② 매일 발 관찰하기
- 매일 발과 발톱의 상태, 상처, 피부의 색깔을 관찰하세요.
- 허리나 시력의 문제로 발을 관찰하기 어려우면 거울을 사용하거나 가족에게 도움을 요청하세요.
③ 매일 발 씻기
- 발을 뜨겁지 않고 따뜻한 물로 씻으세요.
- 목욕이나 샤워를 하기 전에는 물이 너무 뜨겁지 않은지 온도계나 팔꿈치로 확인하세요.
- 발을 잘 말리고 발가락 사이가 젖어 있지 않도록 주의하세요.
④ 피부를 부드럽고 매끈하게 유지하기
- 발등과 발바닥에는 보습제를 바르고, 발가락 사이에는 바르지 마세요.
⑤ 발톱 손질하기
- 발을 씻고 말린 후, 발톱을 손톱깎이를 이용해 일자로 다듬으세요. 만일 발톱이 두꺼워지거나 노랗게 되면 잘라내지 말고 전문가에게 맡기세요.
⑥ 언제나 신발과 양말 신기
- 실내에서도 물건을 밟아 발을 다칠 수 있기 때문에 맨발로 다니지 마세요.
- 신발을 신을 때는 울퉁불퉁한 부위나 이음새가 없는 양말 및 스타킹을 신어서 물집이 생기지 않도록 하세요. 욕창으로 진전되지 않도록 하세요.
- 신발과 양말을 선택할 때는 발에 습기가 차지 않는 재료인지, 충격과 미끄러짐을 방지할 수 있게 만들어졌는지 확인하세요.
- 신발을 신기 전에 신발 속이 매끈한지, 자갈돌과 같은 도돌도돌한 이물질이 없는지 항상 확인하세요.
- 발에 변형이 있다면 당뇨 환자용 신발을 맞추어 신는 것이 좋습니다.
- 안감을 댄 부츠는 겨울철에 발을 따뜻하게 유지하기에 좋습니다.
⑦ 뜨겁거나 찬 것으로부터 발을 보호하기
- 바닷가나 뜨거운 포장도로에서는 항상 신발을 신으세요.
- 라디에이터나 난방기로부터 발을 멀리하세요.
- 뜨거운 물이 들어있는 병이나 열이 나는 패드를 사용하지 마세요.
- 추운 날에는 동상을 피하기 위해 발을 따뜻하게 유지하세요.
- 발이 시리다면 잠잘 때 양말을 신으세요.
⑧ 혈액 순환에 신경 쓰기
- 의자에 오래 앉아 있을 때는 발을 올려놓고, 수시로 발가락을 움직이세요.
- 발목을 위아래 좌우로 움직여 발과 다리에 혈액 순환이 잘 되도록 하세요.
- 오랫동안 다리를 꼬고 있지 마세요.
- 혈액 순환에 장애를 줄 수 있으므로 조이는 양말이나 탄력 스타킹, 다리를 조이는 가터(대님)를 피하세요.
- 담배를 피우지 마세요.
- 혈압이 높거나 콜레스테롤이 높다면 전문의와 상의하세요.
⑨ 적극적으로 운동하기
- 의사와 함께 올바른 운동 프로그램을 계획하세요.
- 적당한 운동은 좋지만, 지나치게 오래 걷기나 격하게 달리는 등 발에 무리가 되는 운동은 피하세요.
- 운동을 할 때 언제나 준비운동과 정리운동을 하세요.
- 발에 잘 맞는 보행 신발이나 운동화를 신으세요.
⑩ 의사와 관계 유지하기
- 적어도 1년에 한 번은 전문의에게 발을 검사받으세요. 심각한 문제가 있다면 즉시 알려줄 것입니다."
당뇨병성 족부 질환의 식사요법은 무엇인가요?,당뇨병성 족부 질환의 식사요법: 당뇨병성족부병식
당뇨병성 케톤산증이 유방내분비질환에 속하는 이유는 무엇인가요?,당뇨병성 케톤산증의 카테고리: 유방내분비질환
유방내분비질환과 관련된 다른 질병들 중에는 어떤 것들이 있나요?,당뇨병성 케톤산증의 카테고리: 유방내분비질환
What is the English name for diabetic ketoacidosis?,당뇨병성 케톤산증의 질환 영문명: Diabetic ketoacidosis
당뇨병성 케톤산증의 주요 증상은 무엇인가요?,"당뇨병성 케톤산증의 증상: 복부 통증,  의식 저하,  피로감,  구강건조,  다뇨,  구강호흡"
당뇨병성 케톤산증은 어떤 종류의 당뇨병과 관련이 있는가?,"당뇨병성 케톤산증의 관련 질환: 인슐린 의존성 당뇨병,  인슐린 비의존성 당뇨병,  당뇨병"
당뇨병성 케톤산증을 진단받았을 때 내분비내과에서 어떠한 치료와 관리를 받아야 하나요?,당뇨병성 케톤산증의 진료과: 내분비내과
당뇨병성 케톤산증의 증상이 나타날 경우 내분비내과 외에 다른 곳에서도 진료를 받아야 하나요?,당뇨병성 케톤산증의 진료과: 내분비내과
DKA는 무엇을 의미하나요?,"당뇨병성 케톤산증의 동의어: DKA,당뇨병케톤산증,당뇨성케톤산증,케톤산증"
당뇨성 케톤산증이 발생하는 주요 원인은 무엇인가요?,"당뇨병성 케톤산증의 동의어: DKA,당뇨병케톤산증,당뇨성케톤산증,케톤산증"
당뇨병성 케톤산증은 어떤 증상을 가지고 있는가요?,"당뇨병성 케톤산증의 정의: 당뇨병성 케톤산증은 고혈당, 대사성 산증, 케톤증을 특징으로 하는 당뇨병의 급성 합병증 중 하나입니다. 당뇨병성 케톤산증은 주로 췌장에서 인슐린이 만들어지지 않는 환자(제1형 당뇨병)에게 발생하지만, 제2형 당뇨병 환자에게도 발생할 수 있습니다. 당뇨병성 케톤산증으로 병원에 오는 환자 중 일부는 평소에 당뇨병이 있는지 모르고 지내다가 이 질환으로 인해 당뇨병을 진단받습니다."
당뇨병성 케톤산증은 주로 어떤 환자들에게 발생하나요?,"당뇨병성 케톤산증의 정의: 당뇨병성 케톤산증은 고혈당, 대사성 산증, 케톤증을 특징으로 하는 당뇨병의 급성 합병증 중 하나입니다. 당뇨병성 케톤산증은 주로 췌장에서 인슐린이 만들어지지 않는 환자(제1형 당뇨병)에게 발생하지만, 제2형 당뇨병 환자에게도 발생할 수 있습니다. 당뇨병성 케톤산증으로 병원에 오는 환자 중 일부는 평소에 당뇨병이 있는지 모르고 지내다가 이 질환으로 인해 당뇨병을 진단받습니다."
당뇨병성 케톤산증의 주요 원인은 무엇인가요?,"당뇨병성 케톤산증의 원인: 당뇨병성 케톤산증은 인슐린이 부족한 상태에서 육체적, 정신적 스트레스로 인해 스트레스 호르몬이 증가하는 경우에 생길 수 있습니다. 평소 인슐린 치료를 받던 제1형 당뇨병 환자가 갑자기 인슐린 투여를 중단하거나, 당뇨병이 있는 사람에게 감염증, 수술과 같은 2차적인 이유(우리 몸에 스트레스가 가해지는 상황)가 생기는 경우 발생할 수 있습니다."
당뇨병성 케톤산증의 구체적 증상은 무엇인가요?,"당뇨병성 케톤산증의 구체적 증상: 당뇨병성 케톤산증의 증상은 입 마름(thirst), 다뇨(polyuria)부터 의식 변화까지 다양하게 나타납니다. 피로, 구토, 복통, 호흡 시 과일 향 냄새, 빈맥, 저혈압 등의 증상이 나타나기도 합니다. "
당뇨병성 케톤산증에 걸렸을 때 어떤 증상이 나타나나요?,"당뇨병성 케톤산증의 구체적 증상: 당뇨병성 케톤산증의 증상은 입 마름(thirst), 다뇨(polyuria)부터 의식 변화까지 다양하게 나타납니다. 피로, 구토, 복통, 호흡 시 과일 향 냄새, 빈맥, 저혈압 등의 증상이 나타나기도 합니다. "
당뇨병성 케톤산증을 진단하기 위해 어떤 검사가 시행될 수 있나요?,"당뇨병성 케톤산증의 진단: 당뇨병성 케톤산증이 의심될 경우 혈당 검사, 전해질 검사, 신장 기능 검사, 소변과 혈장 내 케톤체 검사, 동맥혈가스 검사 등을 초기에 시행할 수 있습니다.
당뇨병성 케톤산증은 알콜성 케톤산증, 기아에 의한 케톤산증, 요독증, 유산 산증, 약제(메탄올, 에틸렌글리콜[ethylene glycol], 아스피린) 등으로 인한 대사성 산증 등 다른 대사성 산증과 감별해야 합니다."
당뇨병성 케톤산증을 다른 대사성 산증과 어떻게 감별할 수 있나요?,"당뇨병성 케톤산증의 진단: 당뇨병성 케톤산증이 의심될 경우 혈당 검사, 전해질 검사, 신장 기능 검사, 소변과 혈장 내 케톤체 검사, 동맥혈가스 검사 등을 초기에 시행할 수 있습니다.
당뇨병성 케톤산증은 알콜성 케톤산증, 기아에 의한 케톤산증, 요독증, 유산 산증, 약제(메탄올, 에틸렌글리콜[ethylene glycol], 아스피린) 등으로 인한 대사성 산증 등 다른 대사성 산증과 감별해야 합니다."
당뇨병성 케톤산증의 치료에 어떤 항목들이 포함되나요?,"당뇨병성 케톤산증의 치료: 당뇨병성 케톤산증을 치료하기 위해서는 수액 보충, 인슐린과 전해질 공급을 통한 대사 장애의 교정, 유발 인자 치료가 가장 중요합니다.
① 수액 치료
수액을 투여하면,
첫째, 혈당의 배설이 증가하고,
둘째, 인슐린의 길항 작용을 하는 스트레스 호르몬의 분비가 감소합니다.
대개 3~5리터 정도의 수액을 투여하지만, 상황에 따라 필요량이 다를 수 있습니다. 다량의 수액이 너무 빨리 공급될 경우 뇌부종과 같은 치명적인 합병증이 생길 수 있으므로, 환자의 동반 질환(심장이나 신장 기능 이상 등)을 고려해야 합니다. 또한 혈압, 맥박, 소변량, 체중 변화, 중심 정맥압 등을 잘 관찰하면서 수액 치료를 시행합니다.
② 인슐린(insulin)
인슐린을 투여하면,
첫째, 혈당을 올리는 호르몬인 글루카곤 분비를 줄이고,
둘째, 지방 분해를 억제하며,
셋째, 혈당이 세포에서 이용될 수 있도록 하여 혈당을 떨어뜨리고 다른 대사 이상을 호전시킵니다(지방 분해를 억제하여 케톤체 생성을 억제).
초기에는 속효성 인슐린을 정맥으로 투여하며, 당뇨병성 케톤산증이 호전될 때까지는 혈당을 150~200mg/dl의 범위에서 유지합니다. 이후에 환자의 상태가 안정되고 식사가 가능해지면 피하 인슐린 치료를 시행합니다. 점차 당뇨병성 케톤산증이 발생하기 이전에 시행하던 치료로 옮겨갈 수 있습니다.
③ 기저 질환 치료
당뇨병성 케톤산증을 일으킨 원인 질환(감염증, 심근 경색, 뇌졸중 등)에 대한 치료를 반드시 병행해야 합니다."
수액 치료를 시행할 때 주의해야 할 사항은 무엇인가요?,"당뇨병성 케톤산증의 치료: 당뇨병성 케톤산증을 치료하기 위해서는 수액 보충, 인슐린과 전해질 공급을 통한 대사 장애의 교정, 유발 인자 치료가 가장 중요합니다.
① 수액 치료
수액을 투여하면,
첫째, 혈당의 배설이 증가하고,
둘째, 인슐린의 길항 작용을 하는 스트레스 호르몬의 분비가 감소합니다.
대개 3~5리터 정도의 수액을 투여하지만, 상황에 따라 필요량이 다를 수 있습니다. 다량의 수액이 너무 빨리 공급될 경우 뇌부종과 같은 치명적인 합병증이 생길 수 있으므로, 환자의 동반 질환(심장이나 신장 기능 이상 등)을 고려해야 합니다. 또한 혈압, 맥박, 소변량, 체중 변화, 중심 정맥압 등을 잘 관찰하면서 수액 치료를 시행합니다.
② 인슐린(insulin)
인슐린을 투여하면,
첫째, 혈당을 올리는 호르몬인 글루카곤 분비를 줄이고,
둘째, 지방 분해를 억제하며,
셋째, 혈당이 세포에서 이용될 수 있도록 하여 혈당을 떨어뜨리고 다른 대사 이상을 호전시킵니다(지방 분해를 억제하여 케톤체 생성을 억제).
초기에는 속효성 인슐린을 정맥으로 투여하며, 당뇨병성 케톤산증이 호전될 때까지는 혈당을 150~200mg/dl의 범위에서 유지합니다. 이후에 환자의 상태가 안정되고 식사가 가능해지면 피하 인슐린 치료를 시행합니다. 점차 당뇨병성 케톤산증이 발생하기 이전에 시행하던 치료로 옮겨갈 수 있습니다.
③ 기저 질환 치료
당뇨병성 케톤산증을 일으킨 원인 질환(감염증, 심근 경색, 뇌졸중 등)에 대한 치료를 반드시 병행해야 합니다."
인슐린 치료의 목적은 무엇인가요?,"당뇨병성 케톤산증의 치료: 당뇨병성 케톤산증을 치료하기 위해서는 수액 보충, 인슐린과 전해질 공급을 통한 대사 장애의 교정, 유발 인자 치료가 가장 중요합니다.
① 수액 치료
수액을 투여하면,
첫째, 혈당의 배설이 증가하고,
둘째, 인슐린의 길항 작용을 하는 스트레스 호르몬의 분비가 감소합니다.
대개 3~5리터 정도의 수액을 투여하지만, 상황에 따라 필요량이 다를 수 있습니다. 다량의 수액이 너무 빨리 공급될 경우 뇌부종과 같은 치명적인 합병증이 생길 수 있으므로, 환자의 동반 질환(심장이나 신장 기능 이상 등)을 고려해야 합니다. 또한 혈압, 맥박, 소변량, 체중 변화, 중심 정맥압 등을 잘 관찰하면서 수액 치료를 시행합니다.
② 인슐린(insulin)
인슐린을 투여하면,
첫째, 혈당을 올리는 호르몬인 글루카곤 분비를 줄이고,
둘째, 지방 분해를 억제하며,
셋째, 혈당이 세포에서 이용될 수 있도록 하여 혈당을 떨어뜨리고 다른 대사 이상을 호전시킵니다(지방 분해를 억제하여 케톤체 생성을 억제).
초기에는 속효성 인슐린을 정맥으로 투여하며, 당뇨병성 케톤산증이 호전될 때까지는 혈당을 150~200mg/dl의 범위에서 유지합니다. 이후에 환자의 상태가 안정되고 식사가 가능해지면 피하 인슐린 치료를 시행합니다. 점차 당뇨병성 케톤산증이 발생하기 이전에 시행하던 치료로 옮겨갈 수 있습니다.
③ 기저 질환 치료
당뇨병성 케톤산증을 일으킨 원인 질환(감염증, 심근 경색, 뇌졸중 등)에 대한 치료를 반드시 병행해야 합니다."
당뇨병성 케톤산증의 경과는 어떻게 진행되나요?,"당뇨병성 케톤산증의 경과: 당뇨병성 케톤산증은 대개 인슐린 공급과 수액 보충으로 고혈당과 대사성 산증을 치료하고, 감염증과 같은 당뇨병성 케톤산증 유발 원인을 적절히 치료하면 회복할 수 있습니다. 이 질환은 제때에 적절히 치료하면 사망률이 1% 미만으로 낮지만, 연령이나 유발 원인에 따라 사망률이 5% 이상으로 증가하기도 합니다. "
임신성 당뇨병은 여성질환으로 분류되는 이유는 무엇인가요?,임신성 당뇨병의 카테고리: 여성질환
임신성 당뇨병의 증상은 무엇인가요?,임신성 당뇨병의 카테고리: 여성질환
임신성 당뇨병을 예방하기 위해 할 수 있는 방법은 무엇인가요?,임신성 당뇨병의 카테고리: 여성질환
What is the English name for gestational diabetes?,임신성 당뇨병의 질환 영문명: Gestational diabetes
임신성 당뇨병의 증상은 어떤 것들이 있나요?,"임신성 당뇨병의 증상: 기운없음,  무증상,  고혈당,  피부 긴장도 저하"
임신성 당뇨병과 관련된 질환은 무엇인가요?,"임신성 당뇨병의 관련 질환: 저혈당증,  조산,  임신성 고혈압,  자간증,  자간전증,  난산,  선천성 기형,  신생아 호흡곤란증후군"
임신성 당뇨병을 진료하는 내분비내과와 산부인과의 역할이 어떻게 다른가요?,"임신성 당뇨병의 진료과: 내분비내과, 산부인과"
임신성 당뇨병이 의심되는 경우 내분비내과를 방문하기 전에 어떠한 증상을 주의 깊게 살펴봐야 하나요?,"임신성 당뇨병의 진료과: 내분비내과, 산부인과"
임신성 당뇨병이란 무엇인가요?,"임신성 당뇨병의 동의어: Gestational diabetes mellitus,임신성당뇨"
임신성 당뇨병은 어떤 증상을 보이나요?,"임신성 당뇨병의 동의어: Gestational diabetes mellitus,임신성당뇨"
임신성 당뇨병의 치료 방법에는 무엇이 있나요?,"임신성 당뇨병의 동의어: Gestational diabetes mellitus,임신성당뇨"
임신성 당뇨병이란 무엇인가요?,"임신성 당뇨병의 정의: 임신성 당뇨병은 임신 이전에 이미 당뇨병이 있던 경우와 달리, 임신에 의해 유발되는 질환입니다. 임신 중에 당대사의 생리학적인 변화가 과장되어 나타난 결과입니다. 임신 중 처음으로 인지했거나 발생한 당대사 장애로 정의할 수 있습니다. 임신성 당뇨병은 크게 임신 전 당뇨와 임신성 당뇨로 분류할 수 있습니다. 
임신 전 기간 동안 임산부의 대사 이상으로 인해 태아 손상이 생길 수 있습니다. 임신 초기에는 태아 손상 및 자연 유산이 발생할 수 있고, 임신 중기와 말기에는 거대아, 고인슐린증, 사산 등이 발생할 수 있습니다. 임신성 당뇨병에서 가장 중요한 관심은 태아가 과도하게 커져 이로 인해 분만 손상이 생길 수 있다는 점입니다. 
임신성 당뇨병 환자의 50% 이상은 20년 이내 현성 당뇨병이 발병합니다. 장기적으로는 자녀에게 비만과 당뇨병이 생길 수 있습니다. 그러나 임신성 당뇨병은 정확히 진단하여 적절히 치료하기만 하면 선천성 기형과 태아 사망률의 측면에서는 일반 임산부와 별 차이가 없습니다.
"
임신성 당뇨병이 발생하게 되는 원인은 무엇인가요?,"임신성 당뇨병의 정의: 임신성 당뇨병은 임신 이전에 이미 당뇨병이 있던 경우와 달리, 임신에 의해 유발되는 질환입니다. 임신 중에 당대사의 생리학적인 변화가 과장되어 나타난 결과입니다. 임신 중 처음으로 인지했거나 발생한 당대사 장애로 정의할 수 있습니다. 임신성 당뇨병은 크게 임신 전 당뇨와 임신성 당뇨로 분류할 수 있습니다. 
임신 전 기간 동안 임산부의 대사 이상으로 인해 태아 손상이 생길 수 있습니다. 임신 초기에는 태아 손상 및 자연 유산이 발생할 수 있고, 임신 중기와 말기에는 거대아, 고인슐린증, 사산 등이 발생할 수 있습니다. 임신성 당뇨병에서 가장 중요한 관심은 태아가 과도하게 커져 이로 인해 분만 손상이 생길 수 있다는 점입니다. 
임신성 당뇨병 환자의 50% 이상은 20년 이내 현성 당뇨병이 발병합니다. 장기적으로는 자녀에게 비만과 당뇨병이 생길 수 있습니다. 그러나 임신성 당뇨병은 정확히 진단하여 적절히 치료하기만 하면 선천성 기형과 태아 사망률의 측면에서는 일반 임산부와 별 차이가 없습니다.
"
임신성 당뇨병의 원인은 정확히 알려지지 않았나요?,"임신성 당뇨병의 원인: 임신성 당뇨병의 원인은 정확히 알려지지 않았습니다. 다만 임신성 당뇨병은 태반락토젠, 난포호르몬, 황체호르몬 등의 태반 호르몬이 인슐린의 분비를 억제하는 작용과, 태반 인슐린 분해 효소의 작용이 관련된 것으로 추정됩니다.
태아에서 분비되는 호르몬에 의해 인슐린 저항성(insulin resistance), 즉 혈당을 낮추는 인슐린의 기능이 떨어져 세포가 포도당을 효과적으로 연소하지 못하면, 정상 임산부는 인슐린 저항성을 극복하기 위해 췌장에서 인슐린 분비가 증가합니다. 그러나 임신성 당뇨병이 있는 임산부는 인슐린 저항성을 극복할 만큼 인슐린이 충분히 분비되지 못합니다. 그래서 인슐린 저항성과 분비 장애는 모두 임신성 당뇨병의 중요한 원인이 됩니다. 췌장 베타 세포를 항원으로 인식하는 자가 항체가 발견되기도 합니다."
임신성 당뇨병이 있는 임산부의 췌장에서 인슐린 분비가 억제되는 이유는 무엇인가요?,"임신성 당뇨병의 원인: 임신성 당뇨병의 원인은 정확히 알려지지 않았습니다. 다만 임신성 당뇨병은 태반락토젠, 난포호르몬, 황체호르몬 등의 태반 호르몬이 인슐린의 분비를 억제하는 작용과, 태반 인슐린 분해 효소의 작용이 관련된 것으로 추정됩니다.
태아에서 분비되는 호르몬에 의해 인슐린 저항성(insulin resistance), 즉 혈당을 낮추는 인슐린의 기능이 떨어져 세포가 포도당을 효과적으로 연소하지 못하면, 정상 임산부는 인슐린 저항성을 극복하기 위해 췌장에서 인슐린 분비가 증가합니다. 그러나 임신성 당뇨병이 있는 임산부는 인슐린 저항성을 극복할 만큼 인슐린이 충분히 분비되지 못합니다. 그래서 인슐린 저항성과 분비 장애는 모두 임신성 당뇨병의 중요한 원인이 됩니다. 췌장 베타 세포를 항원으로 인식하는 자가 항체가 발견되기도 합니다."
임신성 당뇨병의 구체적인 증상은 무엇인가요?,"임신성 당뇨병의 구체적 증상: 대부분은 특징적인 증상이 나타나지 않습니다. 종종 피로감, 쇠약감 등의 증상을 나타내고, 임신성 고혈압을 동반하기도 합니다."
임신성 당뇨병은 어떻게 진단되나요?,임신성 당뇨병의 진단: 임신성 당뇨병은 경구 당부하 검사로 진단합니다. 임신성 당뇨병일 가능성이 큰 임산부는 최초로 산전 관리를 받으러 갔을 때 경구 당부하 검사를 시행합니다. 그렇지 않은 임산부는 임신 24~28주 정도에 선별 검사로 50g 경구 당부하 검사를 시행합니다. 이때 당뇨병이 의심되면 100g 경구 당부하 검사를 시행하여 임신성 당뇨병인지를 확정적으로 진단할 수 있습니다.
임신성 당뇨병 진단을 받기 위해 언제 검사를 받아야 하나요?,임신성 당뇨병의 진단: 임신성 당뇨병은 경구 당부하 검사로 진단합니다. 임신성 당뇨병일 가능성이 큰 임산부는 최초로 산전 관리를 받으러 갔을 때 경구 당부하 검사를 시행합니다. 그렇지 않은 임산부는 임신 24~28주 정도에 선별 검사로 50g 경구 당부하 검사를 시행합니다. 이때 당뇨병이 의심되면 100g 경구 당부하 검사를 시행하여 임신성 당뇨병인지를 확정적으로 진단할 수 있습니다.
임신성 당뇨병을 치료하는 주된 방법은 무엇인가요?,"임신성 당뇨병의 치료: 혈당을 조절하기 위해 식이 요법, 운동 요법, 인슐린 요법 등을 시행합니다. 전문가와 상의하여 방법 및 정도를 결정하는 것이 바람직합니다. 또한 태아의 상태를 정확히 감시하고 성숙도를 평가해야 합니다. 분만 후에는 신생아를 집중적으로 관리해야 합니다.
목표 혈당은 공복에서 95mg/dL 미만, 식후 1시간 후 140mg/dL 미만, 식후 2시간 후 120mg/dL 미만입니다. 식이 요법 및 운동 요법을 적절하게 시행한 후에도 혈당이 잘 조절되지 않으면 인슐린을 사용합니다. 보통 임신 중에는 경구 혈당 강하제를 추천하지 않습니다."
임신성 당뇨병의 치료 중 혈당을 어떻게 조절해야 하나요?,"임신성 당뇨병의 치료: 혈당을 조절하기 위해 식이 요법, 운동 요법, 인슐린 요법 등을 시행합니다. 전문가와 상의하여 방법 및 정도를 결정하는 것이 바람직합니다. 또한 태아의 상태를 정확히 감시하고 성숙도를 평가해야 합니다. 분만 후에는 신생아를 집중적으로 관리해야 합니다.
목표 혈당은 공복에서 95mg/dL 미만, 식후 1시간 후 140mg/dL 미만, 식후 2시간 후 120mg/dL 미만입니다. 식이 요법 및 운동 요법을 적절하게 시행한 후에도 혈당이 잘 조절되지 않으면 인슐린을 사용합니다. 보통 임신 중에는 경구 혈당 강하제를 추천하지 않습니다."
임신성 당뇨병 치료 중 혈당 조절이 잘 되지 않을 때 어떤 조치를 취해야 하나요?,"임신성 당뇨병의 치료: 혈당을 조절하기 위해 식이 요법, 운동 요법, 인슐린 요법 등을 시행합니다. 전문가와 상의하여 방법 및 정도를 결정하는 것이 바람직합니다. 또한 태아의 상태를 정확히 감시하고 성숙도를 평가해야 합니다. 분만 후에는 신생아를 집중적으로 관리해야 합니다.
목표 혈당은 공복에서 95mg/dL 미만, 식후 1시간 후 140mg/dL 미만, 식후 2시간 후 120mg/dL 미만입니다. 식이 요법 및 운동 요법을 적절하게 시행한 후에도 혈당이 잘 조절되지 않으면 인슐린을 사용합니다. 보통 임신 중에는 경구 혈당 강하제를 추천하지 않습니다."
임신성 당뇨병 치료 중에는 경구 혈당 강하제를 사용하지 않는 이유가 무엇인가요?,"임신성 당뇨병의 치료: 혈당을 조절하기 위해 식이 요법, 운동 요법, 인슐린 요법 등을 시행합니다. 전문가와 상의하여 방법 및 정도를 결정하는 것이 바람직합니다. 또한 태아의 상태를 정확히 감시하고 성숙도를 평가해야 합니다. 분만 후에는 신생아를 집중적으로 관리해야 합니다.
목표 혈당은 공복에서 95mg/dL 미만, 식후 1시간 후 140mg/dL 미만, 식후 2시간 후 120mg/dL 미만입니다. 식이 요법 및 운동 요법을 적절하게 시행한 후에도 혈당이 잘 조절되지 않으면 인슐린을 사용합니다. 보통 임신 중에는 경구 혈당 강하제를 추천하지 않습니다."
임신성 당뇨병이 임신 중에 어떻게 태아에게 영향을 줄 수 있나요?,"임신성 당뇨병의 경과: 혈당이 잘 조절되지 않을 경우, 분만 예정일 4~8주 전에 원인불명의 태아 사망의 빈도가 증가한다고 보고되었습니다. 고혈압과 거대아로 인해 제왕절개술의 빈도가 증가할 수 있습니다. 이 밖에도 태아에게 저혈당증, 저칼슘혈증, 고빌리루빈혈증, 적혈구과다증, 신생아 호흡곤란증 등이 유발될 수 있습니다. 따라서 임신성 당뇨병을 조절하는 것은 매우 중요합니다."
